file,buffer,inventory,manual,region,nglac,agree,fpos,fneg
01_alaska_global_shugar2020_automated.csv,1000,shugar2020,186.0,01,521.0,0.6451612903225806,2.1559139784946235,0.3548387096774194
01_alaska_global_song2025_automated.csv,1000,song2025,187.0,01,1810.0,0.9358288770053476,8.743315508021391,0.06417112299465241
01_alaska_global_zhang2024_automated.csv,1000,zhang2024,187.0,01,2006.0,0.7272727272727273,10.0,0.2727272727272727
02_western_canada_usa_global_shugar2020_automated.csv,1000,shugar2020,352.0,02,1551.0,0.4034090909090909,4.002840909090909,0.5965909090909091
02_western_canada_usa_global_song2025_automated.csv,1000,song2025,352.0,02,3042.0,0.9602272727272727,7.681818181818182,0.03977272727272727
02_western_canada_usa_global_zhang2024_automated.csv,1000,zhang2024,352.0,02,4608.0,0.7414772727272727,12.349431818181818,0.2585227272727273
03_arctic_canada_north_global_shugar2020_automated.csv,1000,shugar2020,172.0,03,57.0,0.12209302325581395,0.20930232558139536,0.877906976744186
03_arctic_canada_north_global_song2025_automated.csv,1000,song2025,171.0,03,175.0,0.28654970760233917,0.7368421052631579,0.7134502923976608
03_arctic_canada_north_global_zhang2024_automated.csv,1000,zhang2024,174.0,03,478.0,0.5287356321839081,2.218390804597701,0.47126436781609193
04_arctic_canada_south_global_shugar2020_automated.csv,1000,shugar2020,184.0,04,1334.0,0.5597826086956522,6.690217391304348,0.44021739130434784
04_arctic_canada_south_global_song2025_automated.csv,1000,song2025,184.0,04,1834.0,0.7771739130434783,9.190217391304348,0.22282608695652173
04_arctic_canada_south_global_zhang2024_automated.csv,1000,zhang2024,184.0,04,1999.0,0.7554347826086957,10.108695652173912,0.24456521739130435
05_greenland_periphery_global_shugar2020_automated.csv,1000,shugar2020,286.0,05,1626.0,0.5104895104895105,5.174825174825175,0.48951048951048953
05_greenland_periphery_global_song2025_automated.csv,1000,song2025,286.0,05,1913.0,0.6538461538461539,6.034965034965035,0.34615384615384615
05_greenland_periphery_global_zhang2024_automated.csv,1000,zhang2024,288.0,05,2787.0,0.6909722222222222,8.98611111111111,0.3090277777777778
06_iceland_global_shugar2020_automated.csv,1000,shugar2020,14.0,06,33.0,0.42857142857142855,1.9285714285714286,0.5714285714285714
06_iceland_global_song2025_automated.csv,1000,song2025,14.0,06,67.0,0.9285714285714286,3.857142857142857,0.07142857142857142
06_iceland_global_zhang2024_automated.csv,1000,zhang2024,14.0,06,39.0,0.7142857142857143,2.0714285714285716,0.2857142857142857
07_svalbard_jan_mayen_global_shugar2020_automated.csv,1000,shugar2020,60.0,07,0.0,0.0,0.0,1.0
07_svalbard_jan_mayen_global_song2025_automated.csv,1000,song2025,60.0,07,0.0,0.0,0.0,1.0
07_svalbard_jan_mayen_global_zhang2024_automated.csv,1000,zhang2024,60.0,07,162.0,0.6833333333333333,2.0166666666666666,0.31666666666666665
08_scandinavia_global_shugar2020_automated.csv,1000,shugar2020,227.0,08,1050.0,0.4889867841409692,4.136563876651983,0.5110132158590308
08_scandinavia_global_song2025_automated.csv,1000,song2025,227.0,08,841.0,0.8898678414096917,2.814977973568282,0.11013215859030837
08_scandinavia_global_zhang2024_automated.csv,1000,zhang2024,227.0,08,1098.0,0.6343612334801763,4.202643171806168,0.3656387665198238
09_russian_arctic_global_shugar2020_automated.csv,1000,shugar2020,32.0,09,118.0,0.65625,3.03125,0.34375
09_russian_arctic_global_song2025_automated.csv,1000,song2025,32.0,09,68.0,0.78125,1.34375,0.21875
09_russian_arctic_global_zhang2024_automated.csv,1000,zhang2024,32.0,09,126.0,0.84375,3.09375,0.15625
10_north_asia_global_shugar2020_automated.csv,1000,shugar2020,69.0,10,128.0,0.2028985507246377,1.6521739130434783,0.7971014492753623
10_north_asia_global_song2025_automated.csv,1000,song2025,69.0,10,467.0,0.8695652173913043,5.898550724637682,0.13043478260869565
10_north_asia_global_zhang2024_automated.csv,1000,zhang2024,69.0,10,776.0,0.7101449275362319,10.53623188405797,0.2898550724637681
11_central_europe_global_shugar2020_automated.csv,1000,shugar2020,66.0,11,99.0,0.19696969696969696,1.303030303030303,0.803030303030303
11_central_europe_global_song2025_automated.csv,1000,song2025,66.0,11,271.0,0.7272727272727273,3.378787878787879,0.2727272727272727
11_central_europe_global_zhang2024_automated.csv,1000,zhang2024,66.0,11,271.0,0.3484848484848485,3.757575757575758,0.6515151515151515
12_caucasus_middle_east_global_shugar2020_automated.csv,1000,shugar2020,11.0,12,30.0,0.36363636363636365,2.3636363636363638,0.6363636363636364
12_caucasus_middle_east_global_song2025_automated.csv,1000,song2025,11.0,12,146.0,0.45454545454545453,12.818181818181818,0.5454545454545454
12_caucasus_middle_east_global_zhang2024_automated.csv,1000,zhang2024,11.0,12,106.0,0.45454545454545453,9.181818181818182,0.5454545454545454
13_central_asia_global_shugar2020_automated.csv,1000,shugar2020,715.0,13,1441.0,0.27412587412587414,1.7412587412587412,0.7258741258741259
13_central_asia_global_song2025_automated.csv,1000,song2025,715.0,13,5211.0,0.7678321678321678,6.520279720279721,0.23216783216783216
13_central_asia_global_zhang2024_automated.csv,1000,zhang2024,715.0,13,5713.0,0.6825174825174826,7.3076923076923075,0.3174825174825175
14_south_asia_west_global_shugar2020_automated.csv,1000,shugar2020,337.0,14,694.0,0.24925816023738873,1.8100890207715135,0.7507418397626113
14_south_asia_west_global_song2025_automated.csv,1000,song2025,337.0,14,2054.0,0.8427299703264095,5.252225519287834,0.1572700296735905
14_south_asia_west_global_zhang2024_automated.csv,1000,zhang2024,337.0,14,2218.0,0.7181008902077152,5.863501483679525,0.2818991097922849
15_south_asia_east_global_shugar2020_automated.csv,1000,shugar2020,420.0,15,1471.0,0.5976190476190476,2.9047619047619047,0.4023809523809524
15_south_asia_east_global_song2025_automated.csv,1000,song2025,420.0,15,2492.0,0.819047619047619,5.114285714285714,0.18095238095238095
15_south_asia_east_global_zhang2024_automated.csv,1000,zhang2024,420.0,15,3591.0,0.8761904761904762,7.673809523809524,0.12380952380952381
16_low_latitudes_global_shugar2020_automated.csv,1000,shugar2020,72.0,16,79.0,0.4027777777777778,0.6944444444444444,0.5972222222222222
16_low_latitudes_global_song2025_automated.csv,1000,song2025,72.0,16,300.0,0.7916666666666666,3.375,0.20833333333333334
16_low_latitudes_global_zhang2024_automated.csv,1000,zhang2024,72.0,16,195.0,0.4583333333333333,2.25,0.5416666666666666
17_southern_andes_global_shugar2020_automated.csv,1000,shugar2020,571.0,17,1793.0,0.3380035026269702,2.8021015761821366,0.6619964973730298
17_southern_andes_global_song2025_automated.csv,1000,song2025,575.0,17,3989.0,0.7565217391304347,6.1808695652173915,0.24347826086956523
17_southern_andes_global_zhang2024_automated.csv,1000,zhang2024,575.0,17,6025.0,0.6904347826086956,9.787826086956521,0.3095652173913043
18_new_zealand_global_shugar2020_automated.csv,1000,shugar2020,12.0,18,101.0,0.8333333333333334,7.583333333333333,0.16666666666666666
18_new_zealand_global_song2025_automated.csv,1000,song2025,15.0,18,286.0,0.8666666666666667,18.2,0.13333333333333333
18_new_zealand_global_zhang2024_automated.csv,1000,zhang2024,14.0,18,106.0,0.6428571428571429,6.928571428571429,0.35714285714285715
19_subantarctic_antarctic_islands_global_shugar2020_automated.csv,1000,shugar2020,0.0,19,0.0,,,
19_subantarctic_antarctic_islands_global_song2025_automated.csv,1000,song2025,6.0,19,0.0,0.0,0.0,1.0
19_subantarctic_antarctic_islands_global_zhang2024_automated.csv,1000,zhang2024,22.0,19,101.0,0.6363636363636364,3.9545454545454546,0.36363636363636365
01_alaska_global_shugar2020_automated.csv,500,shugar2020,186.0,01,263.0,0.5806451612903226,0.8333333333333334,0.41935483870967744
01_alaska_global_song2025_automated.csv,500,song2025,187.0,01,1105.0,0.93048128342246,4.978609625668449,0.06951871657754011
01_alaska_global_zhang2024_automated.csv,500,zhang2024,187.0,01,893.0,0.5240641711229946,4.251336898395722,0.47593582887700536
02_western_canada_usa_global_shugar2020_automated.csv,500,shugar2020,352.0,02,630.0,0.3465909090909091,1.4431818181818181,0.6534090909090909
02_western_canada_usa_global_song2025_automated.csv,500,song2025,352.0,02,1958.0,0.9261363636363636,4.636363636363637,0.07386363636363637
02_western_canada_usa_global_zhang2024_automated.csv,500,zhang2024,352.0,02,2365.0,0.65625,6.0625,0.34375
03_arctic_canada_north_global_shugar2020_automated.csv,500,shugar2020,172.0,03,29.0,0.06976744186046512,0.09883720930232558,0.9302325581395349
03_arctic_canada_north_global_song2025_automated.csv,500,song2025,171.0,03,108.0,0.23976608187134502,0.391812865497076,0.7602339181286549
03_arctic_canada_north_global_zhang2024_automated.csv,500,zhang2024,174.0,03,258.0,0.4827586206896552,1.0,0.5172413793103449
04_arctic_canada_south_global_shugar2020_automated.csv,500,shugar2020,184.0,04,580.0,0.5,2.652173913043478,0.5
04_arctic_canada_south_global_song2025_automated.csv,500,song2025,184.0,04,1180.0,0.7391304347826086,5.673913043478261,0.2608695652173913
04_arctic_canada_south_global_zhang2024_automated.csv,500,zhang2024,184.0,04,994.0,0.6847826086956522,4.717391304347826,0.31521739130434784
05_greenland_periphery_global_shugar2020_automated.csv,500,shugar2020,286.0,05,770.0,0.42657342657342656,2.265734265734266,0.5734265734265734
05_greenland_periphery_global_song2025_automated.csv,500,song2025,286.0,05,1161.0,0.5979020979020979,3.4615384615384617,0.4020979020979021
05_greenland_periphery_global_zhang2024_automated.csv,500,zhang2024,288.0,05,1419.0,0.59375,4.333333333333333,0.40625
06_iceland_global_shugar2020_automated.csv,500,shugar2020,14.0,06,17.0,0.35714285714285715,0.8571428571428571,0.6428571428571429
06_iceland_global_song2025_automated.csv,500,song2025,14.0,06,45.0,0.9285714285714286,2.2857142857142856,0.07142857142857142
06_iceland_global_zhang2024_automated.csv,500,zhang2024,14.0,06,22.0,0.6428571428571429,0.9285714285714286,0.35714285714285715
07_svalbard_jan_mayen_global_shugar2020_automated.csv,500,shugar2020,60.0,07,0.0,0.0,0.0,1.0
07_svalbard_jan_mayen_global_song2025_automated.csv,500,song2025,60.0,07,0.0,0.0,0.0,1.0
07_svalbard_jan_mayen_global_zhang2024_automated.csv,500,zhang2024,60.0,07,97.0,0.5,1.1166666666666667,0.5
08_scandinavia_global_shugar2020_automated.csv,500,shugar2020,227.0,08,485.0,0.3700440528634361,1.7665198237885462,0.6299559471365639
08_scandinavia_global_song2025_automated.csv,500,song2025,227.0,08,584.0,0.8766519823788547,1.696035242290749,0.12334801762114538
08_scandinavia_global_zhang2024_automated.csv,500,zhang2024,227.0,08,524.0,0.5726872246696035,1.7356828193832599,0.42731277533039647
09_russian_arctic_global_shugar2020_automated.csv,500,shugar2020,32.0,09,80.0,0.65625,1.84375,0.34375
09_russian_arctic_global_song2025_automated.csv,500,song2025,32.0,09,52.0,0.71875,0.90625,0.28125
09_russian_arctic_global_zhang2024_automated.csv,500,zhang2024,32.0,09,72.0,0.65625,1.59375,0.34375
10_north_asia_global_shugar2020_automated.csv,500,shugar2020,69.0,10,60.0,0.14492753623188406,0.7246376811594203,0.855072463768116
10_north_asia_global_song2025_automated.csv,500,song2025,69.0,10,310.0,0.855072463768116,3.63768115942029,0.14492753623188406
10_north_asia_global_zhang2024_automated.csv,500,zhang2024,69.0,10,290.0,0.6521739130434783,3.550724637681159,0.34782608695652173
11_central_europe_global_shugar2020_automated.csv,500,shugar2020,66.0,11,37.0,0.15151515151515152,0.4090909090909091,0.8484848484848485
11_central_europe_global_song2025_automated.csv,500,song2025,66.0,11,147.0,0.6666666666666666,1.5606060606060606,0.3333333333333333
11_central_europe_global_zhang2024_automated.csv,500,zhang2024,66.0,11,91.0,0.21212121212121213,1.1666666666666667,0.7878787878787878
12_caucasus_middle_east_global_shugar2020_automated.csv,500,shugar2020,11.0,12,11.0,0.36363636363636365,0.6363636363636364,0.6363636363636364
12_caucasus_middle_east_global_song2025_automated.csv,500,song2025,11.0,12,71.0,0.45454545454545453,6.0,0.5454545454545454
12_caucasus_middle_east_global_zhang2024_automated.csv,500,zhang2024,11.0,12,32.0,0.2727272727272727,2.6363636363636362,0.7272727272727273
13_central_asia_global_shugar2020_automated.csv,500,shugar2020,715.0,13,584.0,0.24055944055944056,0.5762237762237762,0.7594405594405594
13_central_asia_global_song2025_automated.csv,500,song2025,715.0,13,2907.0,0.7454545454545455,3.32027972027972,0.2545454545454545
13_central_asia_global_zhang2024_automated.csv,500,zhang2024,715.0,13,2546.0,0.6195804195804195,2.9412587412587414,0.3804195804195804
14_south_asia_west_global_shugar2020_automated.csv,500,shugar2020,337.0,14,242.0,0.2166172106824926,0.5014836795252225,0.7833827893175074
14_south_asia_west_global_song2025_automated.csv,500,song2025,337.0,14,1088.0,0.8041543026706232,2.4243323442136497,0.19584569732937684
14_south_asia_west_global_zhang2024_automated.csv,500,zhang2024,337.0,14,974.0,0.6617210682492581,2.228486646884273,0.33827893175074186
15_south_asia_east_global_shugar2020_automated.csv,500,shugar2020,420.0,15,691.0,0.5476190476190477,1.0976190476190477,0.4523809523809524
15_south_asia_east_global_song2025_automated.csv,500,song2025,420.0,15,1450.0,0.7952380952380952,2.657142857142857,0.20476190476190476
15_south_asia_east_global_zhang2024_automated.csv,500,zhang2024,420.0,15,1795.0,0.8142857142857143,3.4595238095238097,0.18571428571428572
16_low_latitudes_global_shugar2020_automated.csv,500,shugar2020,72.0,16,56.0,0.3888888888888889,0.3888888888888889,0.6111111111111112
16_low_latitudes_global_song2025_automated.csv,500,song2025,72.0,16,225.0,0.7916666666666666,2.3333333333333335,0.20833333333333334
16_low_latitudes_global_zhang2024_automated.csv,500,zhang2024,72.0,16,81.0,0.3611111111111111,0.7638888888888888,0.6388888888888888
17_southern_andes_global_shugar2020_automated.csv,500,shugar2020,571.0,17,670.0,0.27845884413309985,0.8949211908931699,0.7215411558669002
17_southern_andes_global_song2025_automated.csv,500,song2025,575.0,17,2007.0,0.7182608695652174,2.772173913043478,0.2817391304347826
17_southern_andes_global_zhang2024_automated.csv,500,zhang2024,575.0,17,2552.0,0.6034782608695652,3.8347826086956522,0.39652173913043476
18_new_zealand_global_shugar2020_automated.csv,500,shugar2020,12.0,18,35.0,0.8333333333333334,2.0833333333333335,0.16666666666666666
18_new_zealand_global_song2025_automated.csv,500,song2025,15.0,18,116.0,0.8666666666666667,6.866666666666666,0.13333333333333333
18_new_zealand_global_zhang2024_automated.csv,500,zhang2024,14.0,18,35.0,0.5,2.0,0.5
19_subantarctic_antarctic_islands_global_shugar2020_automated.csv,500,shugar2020,0.0,19,0.0,,,
19_subantarctic_antarctic_islands_global_song2025_automated.csv,500,song2025,6.0,19,0.0,0.0,0.0,1.0
19_subantarctic_antarctic_islands_global_zhang2024_automated.csv,500,zhang2024,22.0,19,55.0,0.6363636363636364,1.8636363636363635,0.36363636363636365
01_alaska_global_shugar2020_automated.csv,100,shugar2020,186.0,01,108.0,0.3064516129032258,0.27419354838709675,0.6935483870967742
01_alaska_global_song2025_automated.csv,100,song2025,187.0,01,714.0,0.9037433155080213,2.914438502673797,0.0962566844919786
01_alaska_global_zhang2024_automated.csv,100,zhang2024,187.0,01,212.0,0.16042780748663102,0.9732620320855615,0.839572192513369
02_western_canada_usa_global_shugar2020_automated.csv,100,shugar2020,352.0,02,199.0,0.2784090909090909,0.2869318181818182,0.7215909090909091
02_western_canada_usa_global_song2025_automated.csv,100,song2025,352.0,02,1067.0,0.8579545454545454,2.1732954545454546,0.14204545454545456
02_western_canada_usa_global_zhang2024_automated.csv,100,zhang2024,352.0,02,541.0,0.34375,1.1931818181818181,0.65625
03_arctic_canada_north_global_shugar2020_automated.csv,100,shugar2020,172.0,03,9.0,0.040697674418604654,0.011627906976744186,0.9593023255813954
03_arctic_canada_north_global_song2025_automated.csv,100,song2025,171.0,03,57.0,0.18128654970760233,0.15204678362573099,0.8187134502923976
03_arctic_canada_north_global_zhang2024_automated.csv,100,zhang2024,174.0,03,135.0,0.41379310344827586,0.3620689655172414,0.5862068965517241
04_arctic_canada_south_global_shugar2020_automated.csv,100,shugar2020,184.0,04,243.0,0.43478260869565216,0.8858695652173914,0.5652173913043478
04_arctic_canada_south_global_song2025_automated.csv,100,song2025,184.0,04,702.0,0.6847826086956522,3.130434782608696,0.31521739130434784
04_arctic_canada_south_global_zhang2024_automated.csv,100,zhang2024,184.0,04,353.0,0.41847826086956524,1.5,0.5815217391304348
05_greenland_periphery_global_shugar2020_automated.csv,100,shugar2020,286.0,05,300.0,0.32167832167832167,0.7272727272727273,0.6783216783216783
05_greenland_periphery_global_song2025_automated.csv,100,song2025,286.0,05,599.0,0.4965034965034965,1.597902097902098,0.5034965034965035
05_greenland_periphery_global_zhang2024_automated.csv,100,zhang2024,288.0,05,536.0,0.4305555555555556,1.4305555555555556,0.5694444444444444
06_iceland_global_shugar2020_automated.csv,100,shugar2020,14.0,06,7.0,0.35714285714285715,0.14285714285714285,0.6428571428571429
06_iceland_global_song2025_automated.csv,100,song2025,14.0,06,26.0,0.8571428571428571,1.0,0.14285714285714285
06_iceland_global_zhang2024_automated.csv,100,zhang2024,14.0,06,10.0,0.5714285714285714,0.14285714285714285,0.42857142857142855
07_svalbard_jan_mayen_global_shugar2020_automated.csv,100,shugar2020,60.0,07,0.0,0.0,0.0,1.0
07_svalbard_jan_mayen_global_song2025_automated.csv,100,song2025,60.0,07,0.0,0.0,0.0,1.0
07_svalbard_jan_mayen_global_zhang2024_automated.csv,100,zhang2024,60.0,07,26.0,0.21666666666666667,0.21666666666666667,0.7833333333333333
08_scandinavia_global_shugar2020_automated.csv,100,shugar2020,227.0,08,149.0,0.28193832599118945,0.3744493392070485,0.7180616740088106
08_scandinavia_global_song2025_automated.csv,100,song2025,227.0,08,395.0,0.8193832599118943,0.920704845814978,0.18061674008810572
08_scandinavia_global_zhang2024_automated.csv,100,zhang2024,227.0,08,155.0,0.40969162995594716,0.27312775330396477,0.5903083700440529
09_russian_arctic_global_shugar2020_automated.csv,100,shugar2020,32.0,09,32.0,0.53125,0.46875,0.46875
09_russian_arctic_global_song2025_automated.csv,100,song2025,32.0,09,39.0,0.65625,0.5625,0.34375
09_russian_arctic_global_zhang2024_automated.csv,100,zhang2024,32.0,09,23.0,0.25,0.46875,0.75
10_north_asia_global_shugar2020_automated.csv,100,shugar2020,69.0,10,28.0,0.13043478260869565,0.2753623188405797,0.8695652173913043
10_north_asia_global_song2025_automated.csv,100,song2025,69.0,10,206.0,0.8115942028985508,2.1739130434782608,0.18840579710144928
10_north_asia_global_zhang2024_automated.csv,100,zhang2024,69.0,10,94.0,0.5362318840579711,0.8260869565217391,0.463768115942029
11_central_europe_global_shugar2020_automated.csv,100,shugar2020,66.0,11,10.0,0.09090909090909091,0.06060606060606061,0.9090909090909091
11_central_europe_global_song2025_automated.csv,100,song2025,66.0,11,87.0,0.6060606060606061,0.7121212121212122,0.3939393939393939
11_central_europe_global_zhang2024_automated.csv,100,zhang2024,66.0,11,18.0,0.10606060606060606,0.16666666666666666,0.8939393939393939
12_caucasus_middle_east_global_shugar2020_automated.csv,100,shugar2020,11.0,12,3.0,0.18181818181818182,0.09090909090909091,0.8181818181818182
12_caucasus_middle_east_global_song2025_automated.csv,100,song2025,11.0,12,36.0,0.45454545454545453,2.8181818181818183,0.5454545454545454
12_caucasus_middle_east_global_zhang2024_automated.csv,100,zhang2024,11.0,12,7.0,0.09090909090909091,0.5454545454545454,0.9090909090909091
13_central_asia_global_shugar2020_automated.csv,100,shugar2020,715.0,13,227.0,0.1972027972027972,0.12027972027972028,0.8027972027972028
13_central_asia_global_song2025_automated.csv,100,song2025,715.0,13,1619.0,0.6783216783216783,1.586013986013986,0.32167832167832167
13_central_asia_global_zhang2024_automated.csv,100,zhang2024,715.0,13,732.0,0.42377622377622376,0.6,0.5762237762237762
14_south_asia_west_global_shugar2020_automated.csv,100,shugar2020,337.0,14,67.0,0.17507418397626112,0.02373887240356083,0.8249258160237388
14_south_asia_west_global_song2025_automated.csv,100,song2025,337.0,14,567.0,0.7329376854599406,0.9495548961424333,0.26706231454005935
14_south_asia_west_global_zhang2024_automated.csv,100,zhang2024,337.0,14,306.0,0.5103857566765578,0.39762611275964393,0.4896142433234421
15_south_asia_east_global_shugar2020_automated.csv,100,shugar2020,420.0,15,265.0,0.430952380952381,0.2,0.569047619047619
15_south_asia_east_global_song2025_automated.csv,100,song2025,420.0,15,808.0,0.7333333333333333,1.1904761904761905,0.26666666666666666
15_south_asia_east_global_zhang2024_automated.csv,100,zhang2024,420.0,15,439.0,0.5047619047619047,0.5404761904761904,0.49523809523809526
16_low_latitudes_global_shugar2020_automated.csv,100,shugar2020,72.0,16,34.0,0.3055555555555556,0.16666666666666666,0.6944444444444444
16_low_latitudes_global_song2025_automated.csv,100,song2025,72.0,16,137.0,0.6111111111111112,1.2916666666666667,0.3888888888888889
16_low_latitudes_global_zhang2024_automated.csv,100,zhang2024,72.0,16,27.0,0.19444444444444445,0.18055555555555555,0.8055555555555556
17_southern_andes_global_shugar2020_automated.csv,100,shugar2020,571.0,17,158.0,0.18388791593695272,0.09281961471103327,0.8161120840630472
17_southern_andes_global_song2025_automated.csv,100,song2025,575.0,17,823.0,0.6452173913043479,0.7860869565217391,0.35478260869565215
17_southern_andes_global_zhang2024_automated.csv,100,zhang2024,575.0,17,591.0,0.4017391304347826,0.6260869565217392,0.5982608695652174
18_new_zealand_global_shugar2020_automated.csv,100,shugar2020,12.0,18,15.0,0.75,0.5,0.25
18_new_zealand_global_song2025_automated.csv,100,song2025,15.0,18,42.0,0.8,2.0,0.2
18_new_zealand_global_zhang2024_automated.csv,100,zhang2024,14.0,18,7.0,0.14285714285714285,0.35714285714285715,0.8571428571428571
19_subantarctic_antarctic_islands_global_shugar2020_automated.csv,100,shugar2020,0.0,19,0.0,,,
19_subantarctic_antarctic_islands_global_song2025_automated.csv,100,song2025,6.0,19,0.0,0.0,0.0,1.0
19_subantarctic_antarctic_islands_global_zhang2024_automated.csv,100,zhang2024,22.0,19,20.0,0.45454545454545453,0.45454545454545453,0.5454545454545454
01_alaska_global_shugar2020_automated.csv,0,shugar2020,186.0,01,50.0,0.16129032258064516,0.10752688172043011,0.8387096774193549
01_alaska_global_song2025_automated.csv,0,song2025,187.0,01,471.0,0.7807486631016043,1.7379679144385027,0.2192513368983957
01_alaska_global_zhang2024_automated.csv,0,zhang2024,187.0,01,100.0,0.11229946524064172,0.42245989304812837,0.8877005347593583
02_western_canada_usa_global_shugar2020_automated.csv,0,shugar2020,352.0,02,70.0,0.12215909090909091,0.07670454545454546,0.8778409090909091
02_western_canada_usa_global_song2025_automated.csv,0,song2025,352.0,02,592.0,0.6306818181818182,1.0511363636363635,0.3693181818181818
02_western_canada_usa_global_zhang2024_automated.csv,0,zhang2024,352.0,02,214.0,0.17329545454545456,0.4346590909090909,0.8267045454545454
03_arctic_canada_north_global_shugar2020_automated.csv,0,shugar2020,172.0,03,3.0,0.011627906976744186,0.005813953488372093,0.9883720930232558
03_arctic_canada_north_global_song2025_automated.csv,0,song2025,171.0,03,39.0,0.14619883040935672,0.08187134502923976,0.8538011695906432
03_arctic_canada_north_global_zhang2024_automated.csv,0,zhang2024,174.0,03,80.0,0.28735632183908044,0.1724137931034483,0.7126436781609196
04_arctic_canada_south_global_shugar2020_automated.csv,0,shugar2020,184.0,04,94.0,0.24456521739130435,0.266304347826087,0.7554347826086957
04_arctic_canada_south_global_song2025_automated.csv,0,song2025,184.0,04,457.0,0.5760869565217391,1.9076086956521738,0.42391304347826086
04_arctic_canada_south_global_zhang2024_automated.csv,0,zhang2024,184.0,04,171.0,0.20108695652173914,0.7282608695652174,0.7989130434782609
05_greenland_periphery_global_shugar2020_automated.csv,0,shugar2020,286.0,05,134.0,0.17832167832167833,0.2902097902097902,0.8216783216783217
05_greenland_periphery_global_song2025_automated.csv,0,song2025,286.0,05,319.0,0.34265734265734266,0.7727272727272727,0.6573426573426573
05_greenland_periphery_global_zhang2024_automated.csv,0,zhang2024,288.0,05,304.0,0.2534722222222222,0.8020833333333334,0.7465277777777778
06_iceland_global_shugar2020_automated.csv,0,shugar2020,14.0,06,7.0,0.35714285714285715,0.14285714285714285,0.6428571428571429
06_iceland_global_song2025_automated.csv,0,song2025,14.0,06,18.0,0.7142857142857143,0.5714285714285714,0.2857142857142857
06_iceland_global_zhang2024_automated.csv,0,zhang2024,14.0,06,5.0,0.35714285714285715,0.0,0.6428571428571429
07_svalbard_jan_mayen_global_shugar2020_automated.csv,0,shugar2020,60.0,07,0.0,0.0,0.0,1.0
07_svalbard_jan_mayen_global_song2025_automated.csv,0,song2025,60.0,07,0.0,0.0,0.0,1.0
07_svalbard_jan_mayen_global_zhang2024_automated.csv,0,zhang2024,60.0,07,6.0,0.06666666666666667,0.03333333333333333,0.9333333333333333
08_scandinavia_global_shugar2020_automated.csv,0,shugar2020,227.0,08,66.0,0.16299559471365638,0.1277533039647577,0.8370044052863436
08_scandinavia_global_song2025_automated.csv,0,song2025,227.0,08,244.0,0.6123348017621145,0.46255506607929514,0.3876651982378855
08_scandinavia_global_zhang2024_automated.csv,0,zhang2024,227.0,08,52.0,0.17180616740088106,0.05726872246696035,0.8281938325991189
09_russian_arctic_global_shugar2020_automated.csv,0,shugar2020,32.0,09,11.0,0.25,0.09375,0.75
09_russian_arctic_global_song2025_automated.csv,0,song2025,32.0,09,31.0,0.5625,0.40625,0.4375
09_russian_arctic_global_zhang2024_automated.csv,0,zhang2024,32.0,09,9.0,0.15625,0.125,0.84375
10_north_asia_global_shugar2020_automated.csv,0,shugar2020,69.0,10,18.0,0.10144927536231885,0.15942028985507245,0.8985507246376812
10_north_asia_global_song2025_automated.csv,0,song2025,69.0,10,144.0,0.6521739130434783,1.434782608695652,0.34782608695652173
10_north_asia_global_zhang2024_automated.csv,0,zhang2024,69.0,10,44.0,0.2753623188405797,0.36231884057971014,0.7246376811594203
11_central_europe_global_shugar2020_automated.csv,0,shugar2020,66.0,11,5.0,0.07575757575757576,0.0,0.9242424242424242
11_central_europe_global_song2025_automated.csv,0,song2025,66.0,11,45.0,0.4393939393939394,0.24242424242424243,0.5606060606060606
11_central_europe_global_zhang2024_automated.csv,0,zhang2024,66.0,11,3.0,0.015151515151515152,0.030303030303030304,0.9848484848484849
12_caucasus_middle_east_global_shugar2020_automated.csv,0,shugar2020,11.0,12,1.0,0.09090909090909091,0.0,0.9090909090909091
12_caucasus_middle_east_global_song2025_automated.csv,0,song2025,11.0,12,23.0,0.36363636363636365,1.7272727272727273,0.6363636363636364
12_caucasus_middle_east_global_zhang2024_automated.csv,0,zhang2024,11.0,12,1.0,0.09090909090909091,0.0,0.9090909090909091
13_central_asia_global_shugar2020_automated.csv,0,shugar2020,715.0,13,119.0,0.12307692307692308,0.043356643356643354,0.8769230769230769
13_central_asia_global_song2025_automated.csv,0,song2025,715.0,13,890.0,0.47132867132867134,0.7734265734265734,0.5286713286713287
13_central_asia_global_zhang2024_automated.csv,0,zhang2024,715.0,13,156.0,0.11188811188811189,0.1062937062937063,0.8881118881118881
14_south_asia_west_global_shugar2020_automated.csv,0,shugar2020,337.0,14,21.0,0.05341246290801187,0.008902077151335312,0.9465875370919882
14_south_asia_west_global_song2025_automated.csv,0,song2025,337.0,14,305.0,0.486646884272997,0.41839762611275966,0.5133531157270029
14_south_asia_west_global_zhang2024_automated.csv,0,zhang2024,337.0,14,56.0,0.10385756676557864,0.06231454005934718,0.8961424332344213
15_south_asia_east_global_shugar2020_automated.csv,0,shugar2020,420.0,15,123.0,0.25,0.04285714285714286,0.75
15_south_asia_east_global_song2025_automated.csv,0,song2025,420.0,15,423.0,0.49523809523809526,0.5119047619047619,0.5047619047619047
15_south_asia_east_global_zhang2024_automated.csv,0,zhang2024,420.0,15,103.0,0.17142857142857143,0.07380952380952381,0.8285714285714286
16_low_latitudes_global_shugar2020_automated.csv,0,shugar2020,72.0,16,30.0,0.2777777777777778,0.1388888888888889,0.7222222222222222
16_low_latitudes_global_song2025_automated.csv,0,song2025,72.0,16,97.0,0.4722222222222222,0.875,0.5277777777777778
16_low_latitudes_global_zhang2024_automated.csv,0,zhang2024,72.0,16,15.0,0.125,0.08333333333333333,0.875
17_southern_andes_global_shugar2020_automated.csv,0,shugar2020,571.0,17,60.0,0.0893169877408056,0.01576182136602452,0.9106830122591943
17_southern_andes_global_song2025_automated.csv,0,song2025,575.0,17,462.0,0.46260869565217394,0.3408695652173913,0.5373913043478261
17_southern_andes_global_zhang2024_automated.csv,0,zhang2024,575.0,17,225.0,0.19304347826086957,0.19826086956521738,0.8069565217391305
18_new_zealand_global_shugar2020_automated.csv,0,shugar2020,12.0,18,11.0,0.75,0.16666666666666666,0.25
18_new_zealand_global_song2025_automated.csv,0,song2025,15.0,18,28.0,0.7333333333333333,1.1333333333333333,0.26666666666666666
18_new_zealand_global_zhang2024_automated.csv,0,zhang2024,14.0,18,5.0,0.14285714285714285,0.21428571428571427,0.8571428571428571
19_subantarctic_antarctic_islands_global_shugar2020_automated.csv,0,shugar2020,0.0,19,0.0,,,
19_subantarctic_antarctic_islands_global_song2025_automated.csv,0,song2025,6.0,19,0.0,0.0,0.0,1.0
19_subantarctic_antarctic_islands_global_zhang2024_automated.csv,0,zhang2024,22.0,19,13.0,0.2727272727272727,0.3181818181818182,0.7272727272727273
