rgi_id,auto_term,lake_cat,image_id,image_date,notes,inventory,contributor,contributor.1,contributor.2,contributor.3
RGI2000-v7.0-G-07-00542,9,0,LE07_L1TP_214004_20000817_20200917_02_T1,2000-08-17,,https://doi.org/10.1017/jog.2023.34,,McNabb,,McNabb
RGI2000-v7.0-G-07-00595,9,0,LE07_L1TP_214004_20000817_20200917_02_T1,2000-08-17,,https://doi.org/10.1017/jog.2023.34,,McNabb,,McNabb
RGI2000-v7.0-G-07-00598,9,0,LE07_L1TP_214004_20000817_20200917_02_T1,2000-08-17,,https://doi.org/10.1017/jog.2023.34,,McNabb,,McNabb
RGI2000-v7.0-G-07-00599,9,0,LE07_L1TP_214004_20000817_20200917_02_T1,2000-08-17,,https://doi.org/10.1017/jog.2023.34,,McNabb,,McNabb
RGI2000-v7.0-G-07-00614,9,0,LE07_L1TP_214004_20000817_20200917_02_T1,2000-08-17,,https://doi.org/10.1017/jog.2023.34,,McNabb,,McNabb
RGI2000-v7.0-G-07-00698,9,0,LE07_L1TP_214004_20000817_20200917_02_T1,2000-08-17,,https://doi.org/10.1017/jog.2023.34,,McNabb,,McNabb
RGI2000-v7.0-G-07-00699,9,0,LE07_L1TP_214004_20000817_20200917_02_T1,2000-08-17,,https://doi.org/10.1017/jog.2023.34,,McNabb,,McNabb
RGI2000-v7.0-G-07-00700,9,0,LE07_L1TP_214004_20000817_20200917_02_T1,2000-08-17,,https://doi.org/10.1017/jog.2023.34,,McNabb,,McNabb
RGI2000-v7.0-G-07-00701,9,0,LE07_L1TP_214004_20000817_20200917_02_T1,2000-08-17,,https://doi.org/10.1017/jog.2023.34,,McNabb,,McNabb
RGI2000-v7.0-G-07-00702,9,0,LE07_L1TP_214004_20000817_20200917_02_T1,2000-08-17,,https://doi.org/10.1017/jog.2023.34,,McNabb,,McNabb
RGI2000-v7.0-G-07-00703,9,0,LE07_L1TP_214004_20000817_20200917_02_T1,2000-08-17,,https://doi.org/10.1017/jog.2023.34,,McNabb,,McNabb
RGI2000-v7.0-G-07-00704,9,0,LE07_L1TP_214004_20000817_20200917_02_T1,2000-08-17,,https://doi.org/10.1017/jog.2023.34,,McNabb,,McNabb
RGI2000-v7.0-G-07-00705,9,0,LE07_L1TP_214004_20000817_20200917_02_T1,2000-08-17,,https://doi.org/10.1017/jog.2023.34,,McNabb,,McNabb
RGI2000-v7.0-G-07-00706,9,0,LE07_L1TP_214004_20000817_20200917_02_T1,2000-08-17,,https://doi.org/10.1017/jog.2023.34,,McNabb,,McNabb
RGI2000-v7.0-G-07-00707,9,0,LE07_L1TP_214004_20000817_20200917_02_T1,2000-08-17,,https://doi.org/10.1017/jog.2023.34,,McNabb,,McNabb
RGI2000-v7.0-G-07-00708,9,0,LE07_L1TP_214004_20000817_20200917_02_T1,2000-08-17,,https://doi.org/10.1017/jog.2023.34,,McNabb,,McNabb
RGI2000-v7.0-G-07-00709,9,0,LE07_L1TP_214004_20000817_20200917_02_T1,2000-08-17,,https://doi.org/10.1017/jog.2023.34,,McNabb,,McNabb
RGI2000-v7.0-G-07-00710,9,0,LE07_L1TP_214004_20000817_20200917_02_T1,2000-08-17,,https://doi.org/10.1017/jog.2023.34,,McNabb,,McNabb
RGI2000-v7.0-G-07-00711,9,0,LE07_L1TP_214004_20000817_20200917_02_T1,2000-08-17,,https://doi.org/10.1017/jog.2023.34,,McNabb,,McNabb
RGI2000-v7.0-G-07-00712,9,0,LE07_L1TP_214004_20000817_20200917_02_T1,2000-08-17,,https://doi.org/10.1017/jog.2023.34,,McNabb,,McNabb
RGI2000-v7.0-G-07-00713,9,0,LE07_L1TP_214004_20000817_20200917_02_T1,2000-08-17,,https://doi.org/10.1017/jog.2023.34,,McNabb,,McNabb
RGI2000-v7.0-G-07-00714,9,0,LE07_L1TP_214004_20000817_20200917_02_T1,2000-08-17,,https://doi.org/10.1017/jog.2023.34,,McNabb,,McNabb
RGI2000-v7.0-G-07-00715,9,0,LE07_L1TP_214004_20000817_20200917_02_T1,2000-08-17,,https://doi.org/10.1017/jog.2023.34,,McNabb,,McNabb
RGI2000-v7.0-G-07-00716,9,0,LE07_L1TP_214004_20000817_20200917_02_T1,2000-08-17,,https://doi.org/10.1017/jog.2023.34,,McNabb,,McNabb
RGI2000-v7.0-G-07-00717,9,0,LE07_L1TP_214004_20000817_20200917_02_T1,2000-08-17,,https://doi.org/10.1017/jog.2023.34,,McNabb,,McNabb
RGI2000-v7.0-G-07-00718,9,0,LE07_L1TP_214004_20000817_20200917_02_T1,2000-08-17,,https://doi.org/10.1017/jog.2023.34,,McNabb,,McNabb
RGI2000-v7.0-G-07-00719,9,0,LE07_L1TP_214004_20000817_20200917_02_T1,2000-08-17,,https://doi.org/10.1017/jog.2023.34,,McNabb,,McNabb
RGI2000-v7.0-G-07-00720,9,0,LE07_L1TP_214004_20000817_20200917_02_T1,2000-08-17,,https://doi.org/10.1017/jog.2023.34,,McNabb,,McNabb
RGI2000-v7.0-G-07-00721,9,0,LE07_L1TP_214004_20000817_20200917_02_T1,2000-08-17,,https://doi.org/10.1017/jog.2023.34,,McNabb,,McNabb
RGI2000-v7.0-G-07-00722,9,0,LE07_L1TP_214004_20000817_20200917_02_T1,2000-08-17,,https://doi.org/10.1017/jog.2023.34,,McNabb,,McNabb
RGI2000-v7.0-G-07-00723,9,0,LE07_L1TP_214004_20000817_20200917_02_T1,2000-08-17,,https://doi.org/10.1017/jog.2023.34,,McNabb,,McNabb
RGI2000-v7.0-G-07-00724,9,0,LE07_L1TP_214004_20000817_20200917_02_T1,2000-08-17,,https://doi.org/10.1017/jog.2023.34,,McNabb,,McNabb
RGI2000-v7.0-G-07-00725,9,0,LE07_L1TP_214004_20000817_20200917_02_T1,2000-08-17,,https://doi.org/10.1017/jog.2023.34,,McNabb,,McNabb
RGI2000-v7.0-G-07-00726,9,0,LE07_L1TP_214004_20000817_20200917_02_T1,2000-08-17,,https://doi.org/10.1017/jog.2023.34,,McNabb,,McNabb
RGI2000-v7.0-G-07-00727,9,0,LE07_L1TP_214004_20000817_20200917_02_T1,2000-08-17,,https://doi.org/10.1017/jog.2023.34,,McNabb,,McNabb
RGI2000-v7.0-G-07-00728,9,0,LE07_L1TP_214004_20000817_20200917_02_T1,2000-08-17,,https://doi.org/10.1017/jog.2023.34,,McNabb,,McNabb
RGI2000-v7.0-G-07-00729,9,0,LE07_L1TP_214004_20000817_20200917_02_T1,2000-08-17,,https://doi.org/10.1017/jog.2023.34,,McNabb,,McNabb
RGI2000-v7.0-G-07-00730,9,0,LE07_L1TP_214004_20000817_20200917_02_T1,2000-08-17,,https://doi.org/10.1017/jog.2023.34,,McNabb,,McNabb
RGI2000-v7.0-G-07-00731,9,0,LE07_L1TP_214004_20000817_20200917_02_T1,2000-08-17,,https://doi.org/10.1017/jog.2023.34,,McNabb,,McNabb
RGI2000-v7.0-G-07-00732,9,0,LE07_L1TP_214004_20000817_20200917_02_T1,2000-08-17,,https://doi.org/10.1017/jog.2023.34,,McNabb,,McNabb
RGI2000-v7.0-G-07-00733,9,0,LE07_L1TP_214004_20000817_20200917_02_T1,2000-08-17,,https://doi.org/10.1017/jog.2023.34,,McNabb,,McNabb
RGI2000-v7.0-G-07-00734,9,0,LE07_L1TP_214004_20000817_20200917_02_T1,2000-08-17,,https://doi.org/10.1017/jog.2023.34,,McNabb,,McNabb
RGI2000-v7.0-G-07-00735,9,0,LE07_L1TP_214004_20000817_20200917_02_T1,2000-08-17,,https://doi.org/10.1017/jog.2023.34,,McNabb,,McNabb
RGI2000-v7.0-G-07-00736,9,0,LE07_L1TP_214004_20000817_20200917_02_T1,2000-08-17,,https://doi.org/10.1017/jog.2023.34,,McNabb,,McNabb
RGI2000-v7.0-G-07-00737,9,0,LE07_L1TP_214004_20000817_20200917_02_T1,2000-08-17,,https://doi.org/10.1017/jog.2023.34,,McNabb,,McNabb
RGI2000-v7.0-G-07-00738,9,0,LE07_L1TP_214004_20000817_20200917_02_T1,2000-08-17,,https://doi.org/10.1017/jog.2023.34,,McNabb,,McNabb
RGI2000-v7.0-G-07-00739,9,0,LE07_L1TP_214004_20000817_20200917_02_T1,2000-08-17,,https://doi.org/10.1017/jog.2023.34,,McNabb,,McNabb
RGI2000-v7.0-G-07-00740,9,0,LE07_L1TP_214004_20000817_20200917_02_T1,2000-08-17,,https://doi.org/10.1017/jog.2023.34,,McNabb,,McNabb
RGI2000-v7.0-G-07-00741,9,0,LE07_L1TP_214004_20000817_20200917_02_T1,2000-08-17,,https://doi.org/10.1017/jog.2023.34,,McNabb,,McNabb
RGI2000-v7.0-G-07-00742,9,0,LE07_L1TP_214004_20000817_20200917_02_T1,2000-08-17,,https://doi.org/10.1017/jog.2023.34,,McNabb,,McNabb
RGI2000-v7.0-G-07-00743,9,0,LE07_L1TP_214004_20000817_20200917_02_T1,2000-08-17,,https://doi.org/10.1017/jog.2023.34,,McNabb,,McNabb
RGI2000-v7.0-G-07-00744,9,0,LE07_L1TP_214004_20000817_20200917_02_T1,2000-08-17,,https://doi.org/10.1017/jog.2023.34,,McNabb,,McNabb
RGI2000-v7.0-G-07-00745,9,0,LE07_L1TP_214004_20000817_20200917_02_T1,2000-08-17,,https://doi.org/10.1017/jog.2023.34,,McNabb,,McNabb
RGI2000-v7.0-G-07-00746,1,0,LE07_L1TP_214004_20000817_20200917_02_T1,2000-08-17,,https://doi.org/10.1017/jog.2023.34,,McNabb,,McNabb
RGI2000-v7.0-G-07-00747,9,0,LE07_L1TP_214004_20000817_20200917_02_T1,2000-08-17,,https://doi.org/10.1017/jog.2023.34,,McNabb,,McNabb
RGI2000-v7.0-G-07-00748,1,0,LE07_L1TP_214004_20000817_20200917_02_T1,2000-08-17,,https://doi.org/10.1017/jog.2023.34,,McNabb,,McNabb
RGI2000-v7.0-G-07-00749,1,0,LE07_L1TP_210005_19990920_20200918_02_T1,1999-09-20,,https://doi.org/10.1017/jog.2023.34,,McNabb,,McNabb
RGI2000-v7.0-G-07-00750,9,0,LE07_L1TP_210005_19990920_20200918_02_T1,1999-09-20,,https://doi.org/10.1017/jog.2023.34,,McNabb,,McNabb
RGI2000-v7.0-G-07-00751,1,0,LE07_L1TP_210005_19990920_20200918_02_T1,1999-09-20,,https://doi.org/10.1017/jog.2023.34,,McNabb,,McNabb
RGI2000-v7.0-G-07-00752,1,0,LE07_L1TP_210005_19990920_20200918_02_T1,1999-09-20,,https://doi.org/10.1017/jog.2023.34,,McNabb,,McNabb
RGI2000-v7.0-G-07-00753,9,0,LE07_L1TP_210004_19990920_20200918_02_T1,1999-09-20,,https://doi.org/10.1017/jog.2023.34,,McNabb,,McNabb
RGI2000-v7.0-G-07-00754,9,0,LE07_L1TP_210005_19990920_20200918_02_T1,1999-09-20,,https://doi.org/10.1017/jog.2023.34,,McNabb,,McNabb
RGI2000-v7.0-G-07-00755,1,0,LE07_L1TP_210005_19990920_20200918_02_T1,1999-09-20,,https://doi.org/10.1017/jog.2023.34,,McNabb,,McNabb
RGI2000-v7.0-G-07-00756,9,0,LE07_L1TP_210005_19990920_20200918_02_T1,1999-09-20,,https://doi.org/10.1017/jog.2023.34,,McNabb,,McNabb
RGI2000-v7.0-G-07-00757,9,0,LE07_L1TP_210005_19990920_20200918_02_T1,1999-09-20,,https://doi.org/10.1017/jog.2023.34,,McNabb,,McNabb
RGI2000-v7.0-G-07-00758,9,0,LE07_L1TP_210005_19990920_20200918_02_T1,1999-09-20,,https://doi.org/10.1017/jog.2023.34,,McNabb,,McNabb
RGI2000-v7.0-G-07-00759,9,0,LE07_L1TP_210005_19990920_20200918_02_T1,1999-09-20,,https://doi.org/10.1017/jog.2023.34,,McNabb,,McNabb
RGI2000-v7.0-G-07-00760,1,0,LE07_L1TP_211005_20010628_20200917_02_T1,2001-06-28,,https://doi.org/10.1017/jog.2023.34,,McNabb,,McNabb
RGI2000-v7.0-G-07-00761,9,0,LE07_L1TP_210005_19990920_20200918_02_T1,1999-09-20,,https://doi.org/10.1017/jog.2023.34,,McNabb,,McNabb
RGI2000-v7.0-G-07-00762,9,0,LE07_L1TP_210005_19990920_20200918_02_T1,1999-09-20,,https://doi.org/10.1017/jog.2023.34,,McNabb,,McNabb
RGI2000-v7.0-G-07-00763,1,0,LE07_L1TP_211005_20010628_20200917_02_T1,2001-06-28,,https://doi.org/10.1017/jog.2023.34,,McNabb,,McNabb
RGI2000-v7.0-G-07-00764,1,0,LE07_L1TP_211005_20010628_20200917_02_T1,2001-06-28,,https://doi.org/10.1017/jog.2023.34,,McNabb,,McNabb
RGI2000-v7.0-G-07-00765,1,0,LE07_L1TP_211005_20010628_20200917_02_T1,2001-06-28,,https://doi.org/10.1017/jog.2023.34,,McNabb,,McNabb
RGI2000-v7.0-G-07-00766,9,0,LE07_L1TP_210005_19990920_20200918_02_T1,1999-09-20,,https://doi.org/10.1017/jog.2023.34,,McNabb,,McNabb
RGI2000-v7.0-G-07-00767,9,0,LE07_L1TP_210005_19990920_20200918_02_T1,1999-09-20,,https://doi.org/10.1017/jog.2023.34,,McNabb,,McNabb
RGI2000-v7.0-G-07-00768,1,0,LE07_L1TP_211005_20010628_20200917_02_T1,2001-06-28,,https://doi.org/10.1017/jog.2023.34,,McNabb,,McNabb
RGI2000-v7.0-G-07-00769,1,0,LE07_L1TP_211005_20010628_20200917_02_T1,2001-06-28,,https://doi.org/10.1017/jog.2023.34,,McNabb,,McNabb
RGI2000-v7.0-G-07-00770,1,0,LE07_L1TP_211005_20010628_20200917_02_T1,2001-06-28,,https://doi.org/10.1017/jog.2023.34,,McNabb,,McNabb
RGI2000-v7.0-G-07-00771,1,0,LE07_L1TP_211005_20010628_20200917_02_T1,2001-06-28,,https://doi.org/10.1017/jog.2023.34,,McNabb,,McNabb
RGI2000-v7.0-G-07-00772,9,0,LE07_L1TP_210005_19990920_20200918_02_T1,1999-09-20,,https://doi.org/10.1017/jog.2023.34,,McNabb,,McNabb
RGI2000-v7.0-G-07-00773,9,0,LE07_L1TP_210005_19990920_20200918_02_T1,1999-09-20,,https://doi.org/10.1017/jog.2023.34,,McNabb,,McNabb
RGI2000-v7.0-G-07-00774,1,0,LE07_L1TP_211005_20010628_20200917_02_T1,2001-06-28,,https://doi.org/10.1017/jog.2023.34,,McNabb,,McNabb
RGI2000-v7.0-G-07-00775,1,0,LE07_L1TP_211005_20010628_20200917_02_T1,2001-06-28,,https://doi.org/10.1017/jog.2023.34,,McNabb,,McNabb
RGI2000-v7.0-G-07-00776,1,0,LE07_L1TP_211005_20010628_20200917_02_T1,2001-06-28,,https://doi.org/10.1017/jog.2023.34,,McNabb,,McNabb
RGI2000-v7.0-G-07-00777,9,0,LE07_L1TP_210005_19990920_20200918_02_T1,1999-09-20,,https://doi.org/10.1017/jog.2023.34,,McNabb,,McNabb
RGI2000-v7.0-G-07-00778,9,0,LE07_L1TP_210005_19990920_20200918_02_T1,1999-09-20,,https://doi.org/10.1017/jog.2023.34,,McNabb,,McNabb
RGI2000-v7.0-G-07-00779,9,0,LE07_L1TP_210005_19990920_20200918_02_T1,1999-09-20,,https://doi.org/10.1017/jog.2023.34,,McNabb,,McNabb
RGI2000-v7.0-G-07-00780,1,0,LE07_L1TP_211005_20010628_20200917_02_T1,2001-06-28,,https://doi.org/10.1017/jog.2023.34,,McNabb,,McNabb
RGI2000-v7.0-G-07-00781,1,0,LE07_L1TP_211005_20010628_20200917_02_T1,2001-06-28,,https://doi.org/10.1017/jog.2023.34,,McNabb,,McNabb
RGI2000-v7.0-G-07-00782,9,0,LE07_L1TP_210005_19990920_20200918_02_T1,1999-09-20,,https://doi.org/10.1017/jog.2023.34,,McNabb,,McNabb
RGI2000-v7.0-G-07-00783,1,0,LE07_L1TP_211005_20010628_20200917_02_T1,2001-06-28,,https://doi.org/10.1017/jog.2023.34,,McNabb,,McNabb
RGI2000-v7.0-G-07-00784,9,0,LE07_L1TP_209005_19990727_20200918_02_T1,1999-07-27,,https://doi.org/10.1017/jog.2023.34,,McNabb,,McNabb
RGI2000-v7.0-G-07-00785,9,0,LE07_L1TP_209005_19990727_20200918_02_T1,1999-07-27,,https://doi.org/10.1017/jog.2023.34,,McNabb,,McNabb
RGI2000-v7.0-G-07-00786,9,0,LE07_L1TP_209005_19990727_20200918_02_T1,1999-07-27,,https://doi.org/10.1017/jog.2023.34,,McNabb,,McNabb
RGI2000-v7.0-G-07-00787,1,0,LE07_L1TP_211005_20010628_20200917_02_T1,2001-06-28,,https://doi.org/10.1017/jog.2023.34,,McNabb,,McNabb
RGI2000-v7.0-G-07-00788,9,0,LE07_L1TP_209005_19990727_20200918_02_T1,1999-07-27,,https://doi.org/10.1017/jog.2023.34,,McNabb,,McNabb
RGI2000-v7.0-G-07-00789,1,0,LE07_L1TP_211005_20010628_20200917_02_T1,2001-06-28,,https://doi.org/10.1017/jog.2023.34,,McNabb,,McNabb
RGI2000-v7.0-G-07-00790,1,0,LE07_L1TP_211005_20010628_20200917_02_T1,2001-06-28,,https://doi.org/10.1017/jog.2023.34,,McNabb,,McNabb
RGI2000-v7.0-G-07-00791,1,0,LE07_L1TP_211005_20010628_20200917_02_T1,2001-06-28,,https://doi.org/10.1017/jog.2023.34,,McNabb,,McNabb
RGI2000-v7.0-G-07-00792,9,0,LE07_L1TP_209005_19990727_20200918_02_T1,1999-07-27,,https://doi.org/10.1017/jog.2023.34,,McNabb,,McNabb
RGI2000-v7.0-G-07-00793,1,0,LE07_L1TP_211005_20010628_20200917_02_T1,2001-06-28,,https://doi.org/10.1017/jog.2023.34,,McNabb,,McNabb
RGI2000-v7.0-G-07-00794,9,0,LE07_L1TP_209005_19990727_20200918_02_T1,1999-07-27,,https://doi.org/10.1017/jog.2023.34,,McNabb,,McNabb
RGI2000-v7.0-G-07-00795,9,0,LE07_L1TP_209005_19990727_20200918_02_T1,1999-07-27,,https://doi.org/10.1017/jog.2023.34,,McNabb,,McNabb
RGI2000-v7.0-G-07-00796,9,0,LE07_L1TP_211005_20010628_20200917_02_T1,2001-06-28,,https://doi.org/10.1017/jog.2023.34,,McNabb,,McNabb
RGI2000-v7.0-G-07-00797,9,0,LE07_L1TP_211005_20010628_20200917_02_T1,2001-06-28,,https://doi.org/10.1017/jog.2023.34,,McNabb,,McNabb
RGI2000-v7.0-G-07-00798,9,0,LE07_L1TP_211005_20010628_20200917_02_T1,2001-06-28,,https://doi.org/10.1017/jog.2023.34,,McNabb,,McNabb
RGI2000-v7.0-G-07-00799,9,0,LE07_L1TP_211005_20010628_20200917_02_T1,2001-06-28,,https://doi.org/10.1017/jog.2023.34,,McNabb,,McNabb
RGI2000-v7.0-G-07-00800,9,1,LE07_L1TP_211005_20010628_20200917_02_T1,2001-06-28,,https://doi.org/10.1017/jog.2023.34,,McNabb,,McNabb
RGI2000-v7.0-G-07-00801,9,0,LE07_L1TP_211005_20010628_20200917_02_T1,2001-06-28,,https://doi.org/10.1017/jog.2023.34,,McNabb,,McNabb
RGI2000-v7.0-G-07-00802,9,0,LE07_L1TP_211005_20010628_20200917_02_T1,2001-06-28,,https://doi.org/10.1017/jog.2023.34,,McNabb,,McNabb
RGI2000-v7.0-G-07-00803,9,0,LE07_L1TP_209005_19990727_20200918_02_T1,1999-07-27,,https://doi.org/10.1017/jog.2023.34,,McNabb,,McNabb
RGI2000-v7.0-G-07-00804,9,0,LE07_L1TP_209005_19990727_20200918_02_T1,1999-07-27,,https://doi.org/10.1017/jog.2023.34,,McNabb,,McNabb
RGI2000-v7.0-G-07-00805,9,0,LE07_L1TP_209005_19990727_20200918_02_T1,1999-07-27,,https://doi.org/10.1017/jog.2023.34,,McNabb,,McNabb
RGI2000-v7.0-G-07-00806,9,0,LE07_L1TP_210005_19990920_20200918_02_T1,1999-09-20,,https://doi.org/10.1017/jog.2023.34,,McNabb,,McNabb
RGI2000-v7.0-G-07-00807,1,0,LE07_L1TP_211005_20010628_20200917_02_T1,2001-06-28,,https://doi.org/10.1017/jog.2023.34,,McNabb,,McNabb
RGI2000-v7.0-G-07-00808,1,0,LE07_L1TP_211005_20010628_20200917_02_T1,2001-06-28,,https://doi.org/10.1017/jog.2023.34,,McNabb,,McNabb
RGI2000-v7.0-G-07-00809,9,0,LE07_L1TP_210005_19990920_20200918_02_T1,1999-09-20,,https://doi.org/10.1017/jog.2023.34,,McNabb,,McNabb
RGI2000-v7.0-G-07-00810,9,0,LE07_L1TP_210005_19990920_20200918_02_T1,1999-09-20,,https://doi.org/10.1017/jog.2023.34,,McNabb,,McNabb
RGI2000-v7.0-G-07-00811,9,0,LE07_L1TP_210005_19990920_20200918_02_T1,1999-09-20,,https://doi.org/10.1017/jog.2023.34,,McNabb,,McNabb
RGI2000-v7.0-G-07-00812,9,0,LE07_L1TP_210005_19990920_20200918_02_T1,1999-09-20,,https://doi.org/10.1017/jog.2023.34,,McNabb,,McNabb
RGI2000-v7.0-G-07-00813,9,0,LE07_L1TP_210005_19990920_20200918_02_T1,1999-09-20,,https://doi.org/10.1017/jog.2023.34,,McNabb,,McNabb
RGI2000-v7.0-G-07-00814,9,0,LE07_L1TP_210005_19990920_20200918_02_T1,1999-09-20,,https://doi.org/10.1017/jog.2023.34,,McNabb,,McNabb
RGI2000-v7.0-G-07-00815,9,0,LE07_L1TP_210005_19990920_20200918_02_T1,1999-09-20,,https://doi.org/10.1017/jog.2023.34,,McNabb,,McNabb
RGI2000-v7.0-G-07-00816,9,0,LE07_L1TP_210005_19990920_20200918_02_T1,1999-09-20,,https://doi.org/10.1017/jog.2023.34,,McNabb,,McNabb
RGI2000-v7.0-G-07-00817,9,0,LE07_L1TP_210005_19990920_20200918_02_T1,1999-09-20,,https://doi.org/10.1017/jog.2023.34,,McNabb,,McNabb
RGI2000-v7.0-G-07-00818,9,2,LE07_L1TP_210005_19990920_20200918_02_T1,1999-09-20,,https://doi.org/10.1017/jog.2023.34,,McNabb,,McNabb
RGI2000-v7.0-G-07-00819,1,0,LE07_L1TP_211005_20010628_20200917_02_T1,2001-06-28,,https://doi.org/10.1017/jog.2023.34,,McNabb,,McNabb
RGI2000-v7.0-G-07-00820,9,0,LE07_L1TP_209005_19990727_20200918_02_T1,1999-07-27,,https://doi.org/10.1017/jog.2023.34,,McNabb,,McNabb
RGI2000-v7.0-G-07-00821,9,0,LE07_L1TP_209005_19990727_20200918_02_T1,1999-07-27,,https://doi.org/10.1017/jog.2023.34,,McNabb,,McNabb
RGI2000-v7.0-G-07-00822,9,0,LE07_L1TP_209005_19990727_20200918_02_T1,1999-07-27,,https://doi.org/10.1017/jog.2023.34,,McNabb,,McNabb
RGI2000-v7.0-G-07-00823,9,0,LE07_L1TP_209005_19990727_20200918_02_T1,1999-07-27,,https://doi.org/10.1017/jog.2023.34,,McNabb,,McNabb
RGI2000-v7.0-G-07-00824,9,0,LE07_L1TP_209005_19990727_20200918_02_T1,1999-07-27,,https://doi.org/10.1017/jog.2023.34,,McNabb,,McNabb
RGI2000-v7.0-G-07-00825,9,0,LE07_L1TP_209005_19990727_20200918_02_T1,1999-07-27,,https://doi.org/10.1017/jog.2023.34,,McNabb,,McNabb
RGI2000-v7.0-G-07-00826,9,0,LE07_L1TP_209005_19990727_20200918_02_T1,1999-07-27,,https://doi.org/10.1017/jog.2023.34,,McNabb,,McNabb
RGI2000-v7.0-G-07-00827,9,0,LE07_L1TP_209005_19990727_20200918_02_T1,1999-07-27,,https://doi.org/10.1017/jog.2023.34,,McNabb,,McNabb
RGI2000-v7.0-G-07-00828,9,0,LE07_L1TP_209005_19990727_20200918_02_T1,1999-07-27,,https://doi.org/10.1017/jog.2023.34,,McNabb,,McNabb
RGI2000-v7.0-G-07-00829,9,0,LE07_L1TP_209005_19990727_20200918_02_T1,1999-07-27,,https://doi.org/10.1017/jog.2023.34,,McNabb,,McNabb
RGI2000-v7.0-G-07-00830,9,0,LE07_L1TP_209005_19990727_20200918_02_T1,1999-07-27,,https://doi.org/10.1017/jog.2023.34,,McNabb,,McNabb
RGI2000-v7.0-G-07-00831,1,0,LE07_L1TP_211005_20010628_20200917_02_T1,2001-06-28,,https://doi.org/10.1017/jog.2023.34,,McNabb,,McNabb
RGI2000-v7.0-G-07-00832,9,0,LE07_L1TP_209005_19990727_20200918_02_T1,1999-07-27,,https://doi.org/10.1017/jog.2023.34,,McNabb,,McNabb
RGI2000-v7.0-G-07-00833,9,0,LE07_L1TP_211005_20010628_20200917_02_T1,2001-06-28,,https://doi.org/10.1017/jog.2023.34,,McNabb,,McNabb
RGI2000-v7.0-G-07-00834,9,0,LE07_L1TP_211005_20010628_20200917_02_T1,2001-06-28,,https://doi.org/10.1017/jog.2023.34,,McNabb,,McNabb
RGI2000-v7.0-G-07-00836,9,0,LE07_L1TP_211005_20010628_20200917_02_T1,2001-06-28,,https://doi.org/10.1017/jog.2023.34,,McNabb,,McNabb
RGI2000-v7.0-G-07-00837,9,0,LE07_L1TP_211005_20010628_20200917_02_T1,2001-06-28,,https://doi.org/10.1017/jog.2023.34,,McNabb,,McNabb
RGI2000-v7.0-G-07-00838,9,3,LE07_L1TP_214004_20000817_20200917_02_T1,2000-08-17,,https://doi.org/10.1017/jog.2023.34,,McNabb,,McNabb
RGI2000-v7.0-G-07-00839,9,0,LE07_L1TP_211005_20010628_20200917_02_T1,2001-06-28,,https://doi.org/10.1017/jog.2023.34,,McNabb,,McNabb
RGI2000-v7.0-G-07-00840,9,0,LE07_L1TP_211005_20010628_20200917_02_T1,2001-06-28,,https://doi.org/10.1017/jog.2023.34,,McNabb,,McNabb
RGI2000-v7.0-G-07-00841,9,0,LE07_L1TP_214004_20000817_20200917_02_T1,2000-08-17,,https://doi.org/10.1017/jog.2023.34,,McNabb,,McNabb
RGI2000-v7.0-G-07-00842,1,0,LE07_L1TP_214004_20000817_20200917_02_T1,2000-08-17,,https://doi.org/10.1017/jog.2023.34,,McNabb,,McNabb
RGI2000-v7.0-G-07-00843,9,0,LE07_L1TP_211005_20010628_20200917_02_T1,2001-06-28,,https://doi.org/10.1017/jog.2023.34,,McNabb,,McNabb
RGI2000-v7.0-G-07-00844,9,0,LE07_L1TP_211005_20010628_20200917_02_T1,2001-06-28,,https://doi.org/10.1017/jog.2023.34,,McNabb,,McNabb
RGI2000-v7.0-G-07-00845,9,0,LE07_L1TP_211005_20010628_20200917_02_T1,2001-06-28,,https://doi.org/10.1017/jog.2023.34,,McNabb,,McNabb
RGI2000-v7.0-G-07-00846,9,0,LE07_L1TP_211005_20010628_20200917_02_T1,2001-06-28,,https://doi.org/10.1017/jog.2023.34,,McNabb,,McNabb
RGI2000-v7.0-G-07-00847,9,0,LE07_L1TP_211005_20010628_20200917_02_T1,2001-06-28,,https://doi.org/10.1017/jog.2023.34,,McNabb,,McNabb
RGI2000-v7.0-G-07-00848,9,0,LE07_L1TP_214004_20000817_20200917_02_T1,2000-08-17,,https://doi.org/10.1017/jog.2023.34,,McNabb,,McNabb
RGI2000-v7.0-G-07-00849,9,0,LE07_L1TP_214004_20000817_20200917_02_T1,2000-08-17,,https://doi.org/10.1017/jog.2023.34,,McNabb,,McNabb
RGI2000-v7.0-G-07-00850,9,0,LE07_L1TP_214004_20000817_20200917_02_T1,2000-08-17,,https://doi.org/10.1017/jog.2023.34,,McNabb,,McNabb
RGI2000-v7.0-G-07-00851,9,2,LE07_L1TP_214004_20000817_20200917_02_T1,2000-08-17,,https://doi.org/10.1017/jog.2023.34,,McNabb,,McNabb
RGI2000-v7.0-G-07-00852,9,0,LE07_L1TP_214004_20000817_20200917_02_T1,2000-08-17,,https://doi.org/10.1017/jog.2023.34,,McNabb,,McNabb
RGI2000-v7.0-G-07-00853,9,0,LE07_L1TP_214004_20000817_20200917_02_T1,2000-08-17,,https://doi.org/10.1017/jog.2023.34,,McNabb,,McNabb
RGI2000-v7.0-G-07-00854,9,2,LE07_L1TP_214004_20000817_20200917_02_T1,2000-08-17,,https://doi.org/10.1017/jog.2023.34,,McNabb,,McNabb
RGI2000-v7.0-G-07-00855,9,0,LE07_L1TP_214004_20000817_20200917_02_T1,2000-08-17,,https://doi.org/10.1017/jog.2023.34,,McNabb,,McNabb
RGI2000-v7.0-G-07-00856,9,0,LE07_L1TP_214004_20000817_20200917_02_T1,2000-08-17,,https://doi.org/10.1017/jog.2023.34,,McNabb,,McNabb
RGI2000-v7.0-G-07-00857,9,0,LE07_L1TP_214004_20000817_20200917_02_T1,2000-08-17,,https://doi.org/10.1017/jog.2023.34,,McNabb,,McNabb
RGI2000-v7.0-G-07-00858,9,0,LE07_L1TP_211005_20010628_20200917_02_T1,2001-06-28,,https://doi.org/10.1017/jog.2023.34,,McNabb,,McNabb
RGI2000-v7.0-G-07-00859,9,0,LE07_L1TP_211005_20010628_20200917_02_T1,2001-06-28,,https://doi.org/10.1017/jog.2023.34,,McNabb,,McNabb
RGI2000-v7.0-G-07-00860,9,0,LE07_L1TP_214004_20000817_20200917_02_T1,2000-08-17,,https://doi.org/10.1017/jog.2023.34,,McNabb,,McNabb
RGI2000-v7.0-G-07-00861,9,0,LE07_L1TP_214004_20000817_20200917_02_T1,2000-08-17,,https://doi.org/10.1017/jog.2023.34,,McNabb,,McNabb
RGI2000-v7.0-G-07-00862,9,0,LE07_L1TP_214004_20000817_20200917_02_T1,2000-08-17,,https://doi.org/10.1017/jog.2023.34,,McNabb,,McNabb
RGI2000-v7.0-G-07-00863,9,0,LE07_L1TP_214004_20000817_20200917_02_T1,2000-08-17,,https://doi.org/10.1017/jog.2023.34,,McNabb,,McNabb
RGI2000-v7.0-G-07-00864,9,0,LE07_L1TP_214004_20000817_20200917_02_T1,2000-08-17,,https://doi.org/10.1017/jog.2023.34,,McNabb,,McNabb
RGI2000-v7.0-G-07-00865,9,0,LE07_L1TP_214004_20000817_20200917_02_T1,2000-08-17,,https://doi.org/10.1017/jog.2023.34,,McNabb,,McNabb
RGI2000-v7.0-G-07-00866,9,0,LE07_L1TP_214004_20000817_20200917_02_T1,2000-08-17,,https://doi.org/10.1017/jog.2023.34,,McNabb,,McNabb
RGI2000-v7.0-G-07-00867,9,0,LE07_L1TP_214004_20000817_20200917_02_T1,2000-08-17,,https://doi.org/10.1017/jog.2023.34,,McNabb,,McNabb
RGI2000-v7.0-G-07-00868,9,0,LE07_L1TP_214004_20000817_20200917_02_T1,2000-08-17,,https://doi.org/10.1017/jog.2023.34,,McNabb,,McNabb
RGI2000-v7.0-G-07-00869,9,0,LE07_L1TP_214004_20000817_20200917_02_T1,2000-08-17,,https://doi.org/10.1017/jog.2023.34,,McNabb,,McNabb
RGI2000-v7.0-G-07-00870,9,0,LE07_L1TP_211005_20010628_20200917_02_T1,2001-06-28,,https://doi.org/10.1017/jog.2023.34,,McNabb,,McNabb
RGI2000-v7.0-G-07-00871,9,0,LE07_L1TP_211005_20010628_20200917_02_T1,2001-06-28,,https://doi.org/10.1017/jog.2023.34,,McNabb,,McNabb
RGI2000-v7.0-G-07-00872,9,0,LE07_L1TP_211005_20010628_20200917_02_T1,2001-06-28,,https://doi.org/10.1017/jog.2023.34,,McNabb,,McNabb
RGI2000-v7.0-G-07-00873,9,0,LE07_L1TP_211005_20010628_20200917_02_T1,2001-06-28,,https://doi.org/10.1017/jog.2023.34,,McNabb,,McNabb
RGI2000-v7.0-G-07-00874,9,0,LE07_L1TP_211005_20010628_20200917_02_T1,2001-06-28,,https://doi.org/10.1017/jog.2023.34,,McNabb,,McNabb
RGI2000-v7.0-G-07-00875,9,0,LE07_L1TP_211005_20010628_20200917_02_T1,2001-06-28,,https://doi.org/10.1017/jog.2023.34,,McNabb,,McNabb
RGI2000-v7.0-G-07-00876,1,0,LE07_L1TP_214004_20000817_20200917_02_T1,2000-08-17,,https://doi.org/10.1017/jog.2023.34,,McNabb,,McNabb
RGI2000-v7.0-G-07-00877,9,0,LE07_L1TP_214004_20000817_20200917_02_T1,2000-08-17,,https://doi.org/10.1017/jog.2023.34,,McNabb,,McNabb
RGI2000-v7.0-G-07-00878,9,0,LE07_L1TP_214004_20000817_20200917_02_T1,2000-08-17,,https://doi.org/10.1017/jog.2023.34,,McNabb,,McNabb
RGI2000-v7.0-G-07-00879,9,0,LE07_L1TP_214004_20000817_20200917_02_T1,2000-08-17,,https://doi.org/10.1017/jog.2023.34,,McNabb,,McNabb
RGI2000-v7.0-G-07-00880,9,0,LE07_L1TP_214004_20000817_20200917_02_T1,2000-08-17,,https://doi.org/10.1017/jog.2023.34,,McNabb,,McNabb
RGI2000-v7.0-G-07-00881,9,0,LE07_L1TP_214004_20000817_20200917_02_T1,2000-08-17,,https://doi.org/10.1017/jog.2023.34,,McNabb,,McNabb
RGI2000-v7.0-G-07-00882,9,0,LE07_L1TP_214004_20000817_20200917_02_T1,2000-08-17,,https://doi.org/10.1017/jog.2023.34,,McNabb,,McNabb
RGI2000-v7.0-G-07-00883,9,0,LE07_L1TP_214004_20000817_20200917_02_T1,2000-08-17,,https://doi.org/10.1017/jog.2023.34,,McNabb,,McNabb
RGI2000-v7.0-G-07-00884,9,0,LE07_L1TP_214004_20000817_20200917_02_T1,2000-08-17,,https://doi.org/10.1017/jog.2023.34,,McNabb,,McNabb
RGI2000-v7.0-G-07-00885,9,0,LE07_L1TP_214004_20000817_20200917_02_T1,2000-08-17,,https://doi.org/10.1017/jog.2023.34,,McNabb,,McNabb
RGI2000-v7.0-G-07-00886,9,0,LE07_L1TP_214004_20000817_20200917_02_T1,2000-08-17,,https://doi.org/10.1017/jog.2023.34,,McNabb,,McNabb
RGI2000-v7.0-G-07-00887,9,0,LE07_L1TP_214004_20000817_20200917_02_T1,2000-08-17,,https://doi.org/10.1017/jog.2023.34,,McNabb,,McNabb
RGI2000-v7.0-G-07-00888,9,0,LE07_L1TP_214004_20000817_20200917_02_T1,2000-08-17,,https://doi.org/10.1017/jog.2023.34,,McNabb,,McNabb
RGI2000-v7.0-G-07-00889,9,3,LE07_L1TP_214004_20000817_20200917_02_T1,2000-08-17,,https://doi.org/10.1017/jog.2023.34,,McNabb,,McNabb
RGI2000-v7.0-G-07-00890,9,0,LE07_L1TP_214004_20000817_20200917_02_T1,2000-08-17,,https://doi.org/10.1017/jog.2023.34,,McNabb,,McNabb
RGI2000-v7.0-G-07-00891,9,0,LE07_L1TP_214004_20000817_20200917_02_T1,2000-08-17,,https://doi.org/10.1017/jog.2023.34,,McNabb,,McNabb
RGI2000-v7.0-G-07-00892,9,0,LE07_L1TP_214004_20000817_20200917_02_T1,2000-08-17,,https://doi.org/10.1017/jog.2023.34,,McNabb,,McNabb
RGI2000-v7.0-G-07-00893,9,0,LE07_L1TP_214004_20000817_20200917_02_T1,2000-08-17,,https://doi.org/10.1017/jog.2023.34,,McNabb,,McNabb
RGI2000-v7.0-G-07-00894,9,0,LE07_L1TP_214004_20000817_20200917_02_T1,2000-08-17,,https://doi.org/10.1017/jog.2023.34,,McNabb,,McNabb
RGI2000-v7.0-G-07-00895,9,0,LE07_L1TP_214004_20000817_20200917_02_T1,2000-08-17,,https://doi.org/10.1017/jog.2023.34,,McNabb,,McNabb
RGI2000-v7.0-G-07-00896,9,0,LE07_L1TP_214004_20000817_20200917_02_T1,2000-08-17,,https://doi.org/10.1017/jog.2023.34,,McNabb,,McNabb
RGI2000-v7.0-G-07-00897,9,0,LE07_L1TP_214004_20000817_20200917_02_T1,2000-08-17,,https://doi.org/10.1017/jog.2023.34,,McNabb,,McNabb
RGI2000-v7.0-G-07-00898,9,0,LE07_L1TP_214004_20000817_20200917_02_T1,2000-08-17,,https://doi.org/10.1017/jog.2023.34,,McNabb,,McNabb
RGI2000-v7.0-G-07-00899,1,0,LE07_L1TP_211005_20010628_20200917_02_T1,2001-06-28,,https://doi.org/10.1017/jog.2023.34,,McNabb,,McNabb
RGI2000-v7.0-G-07-00900,9,0,LE07_L1TP_214004_20000817_20200917_02_T1,2000-08-17,,https://doi.org/10.1017/jog.2023.34,,McNabb,,McNabb
RGI2000-v7.0-G-07-00901,9,0,LE07_L1TP_214004_20000817_20200917_02_T1,2000-08-17,,https://doi.org/10.1017/jog.2023.34,,McNabb,,McNabb
RGI2000-v7.0-G-07-00902,1,0,LE07_L1TP_211005_20010628_20200917_02_T1,2001-06-28,,https://doi.org/10.1017/jog.2023.34,,McNabb,,McNabb
RGI2000-v7.0-G-07-00903,9,0,LE07_L1TP_214004_20000817_20200917_02_T1,2000-08-17,,https://doi.org/10.1017/jog.2023.34,,McNabb,,McNabb
RGI2000-v7.0-G-07-00904,1,0,LE07_L1TP_211005_20010628_20200917_02_T1,2001-06-28,,https://doi.org/10.1017/jog.2023.34,,McNabb,,McNabb
RGI2000-v7.0-G-07-00905,1,0,LE07_L1TP_211005_20010628_20200917_02_T1,2001-06-28,,https://doi.org/10.1017/jog.2023.34,,McNabb,,McNabb
RGI2000-v7.0-G-07-00906,9,0,LE07_L1TP_211005_20010628_20200917_02_T1,2001-06-28,,https://doi.org/10.1017/jog.2023.34,,McNabb,,McNabb
RGI2000-v7.0-G-07-00907,9,0,LE07_L1TP_211005_20010628_20200917_02_T1,2001-06-28,,https://doi.org/10.1017/jog.2023.34,,McNabb,,McNabb
RGI2000-v7.0-G-07-00908,9,0,LE07_L1TP_211005_20010628_20200917_02_T1,2001-06-28,,https://doi.org/10.1017/jog.2023.34,,McNabb,,McNabb
RGI2000-v7.0-G-07-00909,1,0,LE07_L1TP_211005_20010628_20200917_02_T1,2001-06-28,,https://doi.org/10.1017/jog.2023.34,,McNabb,,McNabb
RGI2000-v7.0-G-07-00910,9,0,LE07_L1TP_211005_20010628_20200917_02_T1,2001-06-28,,https://doi.org/10.1017/jog.2023.34,,McNabb,,McNabb
RGI2000-v7.0-G-07-00911,1,0,LE07_L1TP_211005_20010628_20200917_02_T1,2001-06-28,,https://doi.org/10.1017/jog.2023.34,,McNabb,,McNabb
RGI2000-v7.0-G-07-00912,1,0,LE07_L1TP_211005_20010628_20200917_02_T1,2001-06-28,,https://doi.org/10.1017/jog.2023.34,,McNabb,,McNabb
RGI2000-v7.0-G-07-00913,1,0,LE07_L1TP_211005_20010628_20200917_02_T1,2001-06-28,,https://doi.org/10.1017/jog.2023.34,,McNabb,,McNabb
RGI2000-v7.0-G-07-00914,9,0,LE07_L1TP_210005_19990920_20200918_02_T1,1999-09-20,,https://doi.org/10.1017/jog.2023.34,,McNabb,,McNabb
RGI2000-v7.0-G-07-00915,9,0,LE07_L1TP_210005_19990920_20200918_02_T1,1999-09-20,,https://doi.org/10.1017/jog.2023.34,,McNabb,,McNabb
RGI2000-v7.0-G-07-00916,1,0,LE07_L1TP_211005_20010628_20200917_02_T1,2001-06-28,,https://doi.org/10.1017/jog.2023.34,,McNabb,,McNabb
RGI2000-v7.0-G-07-00917,1,0,LE07_L1TP_211005_20010628_20200917_02_T1,2001-06-28,,https://doi.org/10.1017/jog.2023.34,,McNabb,,McNabb
RGI2000-v7.0-G-07-00918,9,0,LE07_L1TP_214004_20000817_20200917_02_T1,2000-08-17,,https://doi.org/10.1017/jog.2023.34,,McNabb,,McNabb
RGI2000-v7.0-G-07-00919,9,0,LE07_L1TP_214004_20000817_20200917_02_T1,2000-08-17,,https://doi.org/10.1017/jog.2023.34,,McNabb,,McNabb
RGI2000-v7.0-G-07-00920,9,0,LE07_L1TP_214004_20000817_20200917_02_T1,2000-08-17,,https://doi.org/10.1017/jog.2023.34,,McNabb,,McNabb
RGI2000-v7.0-G-07-00921,9,0,LE07_L1TP_214004_20000817_20200917_02_T1,2000-08-17,,https://doi.org/10.1017/jog.2023.34,,McNabb,,McNabb
RGI2000-v7.0-G-07-00922,9,0,LE07_L1TP_214004_20000817_20200917_02_T1,2000-08-17,,https://doi.org/10.1017/jog.2023.34,,McNabb,,McNabb
RGI2000-v7.0-G-07-00923,9,0,LE07_L1TP_214004_20000817_20200917_02_T1,2000-08-17,,https://doi.org/10.1017/jog.2023.34,,McNabb,,McNabb
RGI2000-v7.0-G-07-00924,9,0,LE07_L1TP_214004_20000817_20200917_02_T1,2000-08-17,,https://doi.org/10.1017/jog.2023.34,,McNabb,,McNabb
RGI2000-v7.0-G-07-00925,9,0,LE07_L1TP_214004_20000817_20200917_02_T1,2000-08-17,,https://doi.org/10.1017/jog.2023.34,,McNabb,,McNabb
RGI2000-v7.0-G-07-00926,9,0,LE07_L1TP_214004_20000817_20200917_02_T1,2000-08-17,,https://doi.org/10.1017/jog.2023.34,,McNabb,,McNabb
RGI2000-v7.0-G-07-00927,9,0,LE07_L1TP_214004_20000817_20200917_02_T1,2000-08-17,,https://doi.org/10.1017/jog.2023.34,,McNabb,,McNabb
RGI2000-v7.0-G-07-00928,9,0,LE07_L1TP_214004_20000817_20200917_02_T1,2000-08-17,,https://doi.org/10.1017/jog.2023.34,,McNabb,,McNabb
RGI2000-v7.0-G-07-00929,9,0,LE07_L1TP_214004_20000817_20200917_02_T1,2000-08-17,,https://doi.org/10.1017/jog.2023.34,,McNabb,,McNabb
RGI2000-v7.0-G-07-00930,9,0,LE07_L1TP_214004_20000817_20200917_02_T1,2000-08-17,,https://doi.org/10.1017/jog.2023.34,,McNabb,,McNabb
RGI2000-v7.0-G-07-00931,9,0,LE07_L1TP_214004_20000817_20200917_02_T1,2000-08-17,,https://doi.org/10.1017/jog.2023.34,,McNabb,,McNabb
RGI2000-v7.0-G-07-00932,9,0,LE07_L1TP_214004_20000817_20200917_02_T1,2000-08-17,,https://doi.org/10.1017/jog.2023.34,,McNabb,,McNabb
RGI2000-v7.0-G-07-00933,9,0,LE07_L1TP_214004_20000817_20200917_02_T1,2000-08-17,,https://doi.org/10.1017/jog.2023.34,,McNabb,,McNabb
RGI2000-v7.0-G-07-00934,9,0,LE07_L1TP_214004_20000817_20200917_02_T1,2000-08-17,,https://doi.org/10.1017/jog.2023.34,,McNabb,,McNabb
RGI2000-v7.0-G-07-00935,9,0,LE07_L1TP_214004_20000817_20200917_02_T1,2000-08-17,,https://doi.org/10.1017/jog.2023.34,,McNabb,,McNabb
RGI2000-v7.0-G-07-00936,9,0,LE07_L1TP_214004_20000817_20200917_02_T1,2000-08-17,,https://doi.org/10.1017/jog.2023.34,,McNabb,,McNabb
RGI2000-v7.0-G-07-00937,9,0,LE07_L1TP_214004_20000817_20200917_02_T1,2000-08-17,,https://doi.org/10.1017/jog.2023.34,,McNabb,,McNabb
RGI2000-v7.0-G-07-00938,9,0,LE07_L1TP_214004_20000817_20200917_02_T1,2000-08-17,,https://doi.org/10.1017/jog.2023.34,,McNabb,,McNabb
RGI2000-v7.0-G-07-00939,9,0,LE07_L1TP_214004_20000817_20200917_02_T1,2000-08-17,,https://doi.org/10.1017/jog.2023.34,,McNabb,,McNabb
RGI2000-v7.0-G-07-00940,9,0,LE07_L1TP_214004_20000817_20200917_02_T1,2000-08-17,,https://doi.org/10.1017/jog.2023.34,,McNabb,,McNabb
RGI2000-v7.0-G-07-00941,9,0,LE07_L1TP_214004_20000817_20200917_02_T1,2000-08-17,,https://doi.org/10.1017/jog.2023.34,,McNabb,,McNabb
RGI2000-v7.0-G-07-00942,9,0,LE07_L1TP_214004_20000817_20200917_02_T1,2000-08-17,,https://doi.org/10.1017/jog.2023.34,,McNabb,,McNabb
RGI2000-v7.0-G-07-00943,9,0,LE07_L1TP_214004_20000817_20200917_02_T1,2000-08-17,,https://doi.org/10.1017/jog.2023.34,,McNabb,,McNabb
RGI2000-v7.0-G-07-00944,9,0,LE07_L1TP_214004_20000817_20200917_02_T1,2000-08-17,,https://doi.org/10.1017/jog.2023.34,,McNabb,,McNabb
RGI2000-v7.0-G-07-00945,9,0,LE07_L1TP_214004_20000817_20200917_02_T1,2000-08-17,,https://doi.org/10.1017/jog.2023.34,,McNabb,,McNabb
RGI2000-v7.0-G-07-00946,9,0,LE07_L1TP_214004_20000817_20200917_02_T1,2000-08-17,,https://doi.org/10.1017/jog.2023.34,,McNabb,,McNabb
RGI2000-v7.0-G-07-00947,1,0,LE07_L1TP_214004_20000817_20200917_02_T1,2000-08-17,,https://doi.org/10.1017/jog.2023.34,,McNabb,,McNabb
RGI2000-v7.0-G-07-00948,9,0,LE07_L1TP_214004_20000817_20200917_02_T1,2000-08-17,,https://doi.org/10.1017/jog.2023.34,,McNabb,,McNabb
RGI2000-v7.0-G-07-00949,9,0,LE07_L1TP_214004_20000817_20200917_02_T1,2000-08-17,,https://doi.org/10.1017/jog.2023.34,,McNabb,,McNabb
RGI2000-v7.0-G-07-00950,9,0,LE07_L1TP_214004_20000817_20200917_02_T1,2000-08-17,,https://doi.org/10.1017/jog.2023.34,,McNabb,,McNabb
RGI2000-v7.0-G-07-00951,9,0,LE07_L1TP_214004_20000817_20200917_02_T1,2000-08-17,,https://doi.org/10.1017/jog.2023.34,,McNabb,,McNabb
RGI2000-v7.0-G-07-00952,9,0,LE07_L1TP_214004_20000817_20200917_02_T1,2000-08-17,,https://doi.org/10.1017/jog.2023.34,,McNabb,,McNabb
RGI2000-v7.0-G-07-00953,9,0,LE07_L1TP_214004_20000817_20200917_02_T1,2000-08-17,,https://doi.org/10.1017/jog.2023.34,,McNabb,,McNabb
RGI2000-v7.0-G-07-00954,9,0,LE07_L1TP_214004_20000817_20200917_02_T1,2000-08-17,,https://doi.org/10.1017/jog.2023.34,,McNabb,,McNabb
RGI2000-v7.0-G-07-00955,9,0,LE07_L1TP_214004_20000817_20200917_02_T1,2000-08-17,,https://doi.org/10.1017/jog.2023.34,,McNabb,,McNabb
RGI2000-v7.0-G-07-00956,9,0,LE07_L1TP_214004_20000817_20200917_02_T1,2000-08-17,,https://doi.org/10.1017/jog.2023.34,,McNabb,,McNabb
RGI2000-v7.0-G-07-00957,9,0,LE07_L1TP_214004_20000817_20200917_02_T1,2000-08-17,,https://doi.org/10.1017/jog.2023.34,,McNabb,,McNabb
RGI2000-v7.0-G-07-00958,9,0,LE07_L1TP_214004_20000817_20200917_02_T1,2000-08-17,,https://doi.org/10.1017/jog.2023.34,,McNabb,,McNabb
RGI2000-v7.0-G-07-00959,9,0,LE07_L1TP_214004_20000817_20200917_02_T1,2000-08-17,,https://doi.org/10.1017/jog.2023.34,,McNabb,,McNabb
RGI2000-v7.0-G-07-00960,9,0,LE07_L1TP_214004_20000817_20200917_02_T1,2000-08-17,,https://doi.org/10.1017/jog.2023.34,,McNabb,,McNabb
RGI2000-v7.0-G-07-00961,9,0,LE07_L1TP_214004_20000817_20200917_02_T1,2000-08-17,,https://doi.org/10.1017/jog.2023.34,,McNabb,,McNabb
RGI2000-v7.0-G-07-00962,9,0,LE07_L1TP_214004_20000817_20200917_02_T1,2000-08-17,,https://doi.org/10.1017/jog.2023.34,,McNabb,,McNabb
RGI2000-v7.0-G-07-00963,9,0,LE07_L1TP_214004_20000817_20200917_02_T1,2000-08-17,,https://doi.org/10.1017/jog.2023.34,,McNabb,,McNabb
RGI2000-v7.0-G-07-00964,9,0,LE07_L1TP_209005_19990727_20200918_02_T1,1999-07-27,,https://doi.org/10.1017/jog.2023.34,,McNabb,,McNabb
RGI2000-v7.0-G-07-00965,9,0,LE07_L1TP_209005_19990727_20200918_02_T1,1999-07-27,,https://doi.org/10.1017/jog.2023.34,,McNabb,,McNabb
RGI2000-v7.0-G-07-00966,9,3,LE07_L1TP_210004_19990920_20200918_02_T1,1999-09-20,,https://doi.org/10.1017/jog.2023.34,,McNabb,,McNabb
RGI2000-v7.0-G-07-00967,1,0,LE07_L1TP_210004_19990920_20200918_02_T1,1999-09-20,,https://doi.org/10.1017/jog.2023.34,,McNabb,,McNabb
RGI2000-v7.0-G-07-00968,1,0,LE07_L1TP_210004_19990920_20200918_02_T1,1999-09-20,,https://doi.org/10.1017/jog.2023.34,,McNabb,,McNabb
RGI2000-v7.0-G-07-00969,1,0,LE07_L1TP_210004_19990920_20200918_02_T1,1999-09-20,,https://doi.org/10.1017/jog.2023.34,,McNabb,,McNabb
RGI2000-v7.0-G-07-00970,9,0,LE07_L1TP_209005_19990727_20200918_02_T1,1999-07-27,,https://doi.org/10.1017/jog.2023.34,,McNabb,,McNabb
RGI2000-v7.0-G-07-00971,1,0,LE07_L1TP_210004_19990920_20200918_02_T1,1999-09-20,,https://doi.org/10.1017/jog.2023.34,,McNabb,,McNabb
RGI2000-v7.0-G-07-00972,9,0,LE07_L1TP_209005_19990727_20200918_02_T1,1999-07-27,,https://doi.org/10.1017/jog.2023.34,,McNabb,,McNabb
RGI2000-v7.0-G-07-00973,1,0,LE07_L1TP_210005_19990920_20200918_02_T1,1999-09-20,,https://doi.org/10.1017/jog.2023.34,,McNabb,,McNabb
RGI2000-v7.0-G-07-00974,9,0,LE07_L1TP_209005_19990727_20200918_02_T1,1999-07-27,,https://doi.org/10.1017/jog.2023.34,,McNabb,,McNabb
RGI2000-v7.0-G-07-00975,9,0,LE07_L1TP_210004_19990920_20200918_02_T1,1999-09-20,,https://doi.org/10.1017/jog.2023.34,,McNabb,,McNabb
RGI2000-v7.0-G-07-00976,9,0,LE07_L1TP_210004_19990920_20200918_02_T1,1999-09-20,,https://doi.org/10.1017/jog.2023.34,,McNabb,,McNabb
RGI2000-v7.0-G-07-00977,1,0,LE07_L1TP_210005_19990920_20200918_02_T1,1999-09-20,,https://doi.org/10.1017/jog.2023.34,,McNabb,,McNabb
RGI2000-v7.0-G-07-00978,1,0,LE07_L1TP_210005_19990920_20200918_02_T1,1999-09-20,,https://doi.org/10.1017/jog.2023.34,,McNabb,,McNabb
RGI2000-v7.0-G-07-00988,9,0,LE07_L1TP_209005_19990727_20200918_02_T1,1999-07-27,,https://doi.org/10.1017/jog.2023.34,,McNabb,,McNabb
RGI2000-v7.0-G-07-00989,9,0,LE07_L1TP_209005_19990727_20200918_02_T1,1999-07-27,,https://doi.org/10.1017/jog.2023.34,,McNabb,,McNabb
RGI2000-v7.0-G-07-01015,9,0,LE07_L1TP_209005_19990727_20200918_02_T1,1999-07-27,,https://doi.org/10.1017/jog.2023.34,,McNabb,,McNabb
RGI2000-v7.0-G-07-01016,9,0,LE07_L1TP_214004_20000817_20200917_02_T1,2000-08-17,,https://doi.org/10.1017/jog.2023.34,,McNabb,,McNabb
RGI2000-v7.0-G-07-01020,9,0,LE07_L1TP_209005_19990727_20200918_02_T1,1999-07-27,,https://doi.org/10.1017/jog.2023.34,,McNabb,,McNabb
RGI2000-v7.0-G-07-01023,9,0,LE07_L1TP_214004_20000817_20200917_02_T1,2000-08-17,,https://doi.org/10.1017/jog.2023.34,,McNabb,,McNabb
RGI2000-v7.0-G-07-01024,9,0,LE07_L1TP_214004_20000817_20200917_02_T1,2000-08-17,,https://doi.org/10.1017/jog.2023.34,,McNabb,,McNabb
RGI2000-v7.0-G-07-01027,9,0,LE07_L1TP_214004_20000817_20200917_02_T1,2000-08-17,,https://doi.org/10.1017/jog.2023.34,,McNabb,,McNabb
RGI2000-v7.0-G-07-01028,9,0,LE07_L1TP_214004_20000817_20200917_02_T1,2000-08-17,,https://doi.org/10.1017/jog.2023.34,,McNabb,,McNabb
RGI2000-v7.0-G-07-01303,9,1,LE07_L1TP_220003_19990809_20200918_02_T1,1999-08-09,,https://doi.org/10.1017/jog.2023.34,,McNabb,,McNabb
RGI2000-v7.0-G-07-01538,9,0,LE07_L1TP_214004_20000817_20200917_02_T1,2000-08-17,,https://doi.org/10.1017/jog.2023.34,,McNabb,,McNabb
RGI2000-v7.0-G-07-01539,9,0,LE07_L1TP_214004_20000817_20200917_02_T1,2000-08-17,,https://doi.org/10.1017/jog.2023.34,,McNabb,,McNabb
RGI2000-v7.0-G-07-01540,1,0,LE07_L1TP_214004_20000817_20200917_02_T1,2000-08-17,,https://doi.org/10.1017/jog.2023.34,,McNabb,,McNabb
RGI2000-v7.0-G-07-01541,1,0,LE07_L1TP_211005_20010628_20200917_02_T1,2001-06-28,,https://doi.org/10.1017/jog.2023.34,,McNabb,,McNabb
RGI2000-v7.0-G-07-01542,1,0,LE07_L1TP_211005_20010628_20200917_02_T1,2001-06-28,,https://doi.org/10.1017/jog.2023.34,,McNabb,,McNabb
RGI2000-v7.0-G-07-01543,9,0,LE07_L1TP_209005_19990727_20200918_02_T1,1999-07-27,,https://doi.org/10.1017/jog.2023.34,,McNabb,,McNabb
RGI2000-v7.0-G-07-01544,1,0,LE07_L1TP_211005_20010628_20200917_02_T1,2001-06-28,,https://doi.org/10.1017/jog.2023.34,,McNabb,,McNabb
RGI2000-v7.0-G-07-01545,1,0,LE07_L1TP_211005_20010628_20200917_02_T1,2001-06-28,,https://doi.org/10.1017/jog.2023.34,,McNabb,,McNabb
RGI2000-v7.0-G-07-01566,9,0,LE07_L1TP_222003_19990807_20200918_02_T2,1999-08-07,,https://doi.org/10.1017/jog.2023.34,,McNabb,,McNabb
RGI2000-v7.0-G-07-01324,9,0,LE07_L1TP_218002_19990710_20200918_02_T1,1999-07-10,,https://doi.org/10.1017/jog.2023.34,,McNabb,,McNabb
RGI2000-v7.0-G-07-01325,1,0,LE07_L1TP_218002_19990710_20200918_02_T1,1999-07-10,,https://doi.org/10.1017/jog.2023.34,,McNabb,,McNabb
RGI2000-v7.0-G-07-01326,9,0,LE07_L1TP_218002_19990710_20200918_02_T1,1999-07-10,,https://doi.org/10.1017/jog.2023.34,,McNabb,,McNabb
RGI2000-v7.0-G-07-01327,1,0,LE07_L1TP_218002_19990710_20200918_02_T1,1999-07-10,,https://doi.org/10.1017/jog.2023.34,,McNabb,,McNabb
RGI2000-v7.0-G-07-01328,9,0,LE07_L1TP_218002_19990710_20200918_02_T1,1999-07-10,,https://doi.org/10.1017/jog.2023.34,,McNabb,,McNabb
RGI2000-v7.0-G-07-01329,9,0,LE07_L1TP_218002_19990710_20200918_02_T1,1999-07-10,,https://doi.org/10.1017/jog.2023.34,,McNabb,,McNabb
RGI2000-v7.0-G-07-01330,1,0,LE07_L1TP_218002_19990710_20200918_02_T1,1999-07-10,,https://doi.org/10.1017/jog.2023.34,,McNabb,,McNabb
RGI2000-v7.0-G-07-01331,1,0,LE07_L1TP_218002_19990710_20200918_02_T1,1999-07-10,,https://doi.org/10.1017/jog.2023.34,,McNabb,,McNabb
RGI2000-v7.0-G-07-01332,1,0,LE07_L1TP_218002_19990710_20200918_02_T1,1999-07-10,,https://doi.org/10.1017/jog.2023.34,,McNabb,,McNabb
RGI2000-v7.0-G-07-01333,9,1,LE07_L1TP_218002_19990710_20200918_02_T1,1999-07-10,,https://doi.org/10.1017/jog.2023.34,,McNabb,,McNabb
RGI2000-v7.0-G-07-01334,1,0,LE07_L1TP_218002_19990710_20200918_02_T1,1999-07-10,,https://doi.org/10.1017/jog.2023.34,,McNabb,,McNabb
RGI2000-v7.0-G-07-01335,9,0,LE07_L1TP_218002_19990710_20200918_02_T1,1999-07-10,,https://doi.org/10.1017/jog.2023.34,,McNabb,,McNabb
RGI2000-v7.0-G-07-01336,9,0,LE07_L1TP_218002_19990710_20200918_02_T1,1999-07-10,,https://doi.org/10.1017/jog.2023.34,,McNabb,,McNabb
RGI2000-v7.0-G-07-01337,1,0,LE07_L1TP_218002_19990710_20200918_02_T1,1999-07-10,,https://doi.org/10.1017/jog.2023.34,,McNabb,,McNabb
RGI2000-v7.0-G-07-01338,1,0,LE07_L1TP_218002_19990710_20200918_02_T1,1999-07-10,,https://doi.org/10.1017/jog.2023.34,,McNabb,,McNabb
RGI2000-v7.0-G-07-01339,1,0,LE07_L1TP_218002_19990710_20200918_02_T1,1999-07-10,,https://doi.org/10.1017/jog.2023.34,,McNabb,,McNabb
RGI2000-v7.0-G-07-01340,9,2,LE07_L1TP_218002_19990710_20200918_02_T1,1999-07-10,,https://doi.org/10.1017/jog.2023.34,,McNabb,,McNabb
RGI2000-v7.0-G-07-01341,9,0,LE07_L1TP_218002_19990710_20200918_02_T1,1999-07-10,,https://doi.org/10.1017/jog.2023.34,,McNabb,,McNabb
RGI2000-v7.0-G-07-01342,1,0,LE07_L1TP_218002_19990710_20200918_02_T1,1999-07-10,,https://doi.org/10.1017/jog.2023.34,,McNabb,,McNabb
RGI2000-v7.0-G-07-01343,1,0,LE07_L1TP_218002_19990710_20200918_02_T1,1999-07-10,,https://doi.org/10.1017/jog.2023.34,,McNabb,,McNabb
RGI2000-v7.0-G-07-01344,9,1,LE07_L1TP_218002_19990710_20200918_02_T1,1999-07-10,,https://doi.org/10.1017/jog.2023.34,,McNabb,,McNabb
RGI2000-v7.0-G-07-01345,9,0,LE07_L1TP_218002_19990710_20200918_02_T1,1999-07-10,,https://doi.org/10.1017/jog.2023.34,,McNabb,,McNabb
RGI2000-v7.0-G-07-01346,9,2,LE07_L1TP_218002_19990710_20200918_02_T1,1999-07-10,,https://doi.org/10.1017/jog.2023.34,,McNabb,,McNabb
RGI2000-v7.0-G-07-01347,9,0,LE07_L1TP_218002_19990710_20200918_02_T1,1999-07-10,,https://doi.org/10.1017/jog.2023.34,,McNabb,,McNabb
RGI2000-v7.0-G-07-01348,9,0,LE07_L1TP_218002_19990710_20200918_02_T1,1999-07-10,,https://doi.org/10.1017/jog.2023.34,,McNabb,,McNabb
RGI2000-v7.0-G-07-01349,9,0,LE07_L1TP_218002_19990710_20200918_02_T1,1999-07-10,,https://doi.org/10.1017/jog.2023.34,,McNabb,,McNabb
RGI2000-v7.0-G-07-01350,9,2,LE07_L1TP_218002_19990710_20200918_02_T1,1999-07-10,,https://doi.org/10.1017/jog.2023.34,,McNabb,,McNabb
RGI2000-v7.0-G-07-01351,9,0,LE07_L1TP_218002_19990710_20200918_02_T1,1999-07-10,,https://doi.org/10.1017/jog.2023.34,,McNabb,,McNabb
RGI2000-v7.0-G-07-01352,9,2,LE07_L1GT_225001_19990711_20200918_02_T2,1999-07-11,,https://doi.org/10.1017/jog.2023.34,,McNabb,,McNabb
RGI2000-v7.0-G-07-01353,9,0,LE07_L1GT_225001_19990711_20200918_02_T2,1999-07-11,,https://doi.org/10.1017/jog.2023.34,,McNabb,,McNabb
RGI2000-v7.0-G-07-01354,9,0,LE07_L1GT_225001_19990711_20200918_02_T2,1999-07-11,,https://doi.org/10.1017/jog.2023.34,,McNabb,,McNabb
RGI2000-v7.0-G-07-01355,9,0,LE07_L1GT_225001_19990711_20200918_02_T2,1999-07-11,,https://doi.org/10.1017/jog.2023.34,,McNabb,,McNabb
RGI2000-v7.0-G-07-01356,9,0,LE07_L1GT_225001_19990711_20200918_02_T2,1999-07-11,,https://doi.org/10.1017/jog.2023.34,,McNabb,,McNabb
RGI2000-v7.0-G-07-01357,9,0,LE07_L1GT_225001_19990711_20200918_02_T2,1999-07-11,,https://doi.org/10.1017/jog.2023.34,,McNabb,,McNabb
RGI2000-v7.0-G-07-01358,9,0,LE07_L1GT_225001_19990711_20200918_02_T2,1999-07-11,,https://doi.org/10.1017/jog.2023.34,,McNabb,,McNabb
RGI2000-v7.0-G-07-01359,9,0,LE07_L1TP_218002_19990710_20200918_02_T1,1999-07-10,,https://doi.org/10.1017/jog.2023.34,,McNabb,,McNabb
RGI2000-v7.0-G-07-01360,9,0,LE07_L1TP_218002_19990710_20200918_02_T1,1999-07-10,,https://doi.org/10.1017/jog.2023.34,,McNabb,,McNabb
RGI2000-v7.0-G-07-01361,9,0,LE07_L1TP_218002_19990710_20200918_02_T1,1999-07-10,,https://doi.org/10.1017/jog.2023.34,,McNabb,,McNabb
RGI2000-v7.0-G-07-01362,9,0,LE07_L1TP_218002_19990710_20200918_02_T1,1999-07-10,,https://doi.org/10.1017/jog.2023.34,,McNabb,,McNabb
RGI2000-v7.0-G-07-01363,1,0,LE07_L1TP_218002_19990710_20200918_02_T1,1999-07-10,,https://doi.org/10.1017/jog.2023.34,,McNabb,,McNabb
RGI2000-v7.0-G-07-01364,9,0,LE07_L1TP_218002_19990710_20200918_02_T1,1999-07-10,,https://doi.org/10.1017/jog.2023.34,,McNabb,,McNabb
RGI2000-v7.0-G-07-01365,1,0,LE07_L1TP_218002_19990710_20200918_02_T1,1999-07-10,,https://doi.org/10.1017/jog.2023.34,,McNabb,,McNabb
RGI2000-v7.0-G-07-01366,9,0,LE07_L1TP_218002_19990710_20200918_02_T1,1999-07-10,,https://doi.org/10.1017/jog.2023.34,,McNabb,,McNabb
RGI2000-v7.0-G-07-01367,9,2,LE07_L1TP_218002_19990710_20200918_02_T1,1999-07-10,,https://doi.org/10.1017/jog.2023.34,,McNabb,,McNabb
RGI2000-v7.0-G-07-01368,1,0,LE07_L1TP_218002_19990710_20200918_02_T1,1999-07-10,,https://doi.org/10.1017/jog.2023.34,,McNabb,,McNabb
RGI2000-v7.0-G-07-01369,9,1,LE07_L1TP_218002_19990710_20200918_02_T1,1999-07-10,,https://doi.org/10.1017/jog.2023.34,,McNabb,,McNabb
RGI2000-v7.0-G-07-01370,1,0,LE07_L1TP_218002_19990710_20200918_02_T1,1999-07-10,,https://doi.org/10.1017/jog.2023.34,,McNabb,,McNabb
RGI2000-v7.0-G-07-01371,1,0,LE07_L1TP_218002_19990710_20200918_02_T1,1999-07-10,,https://doi.org/10.1017/jog.2023.34,,McNabb,,McNabb
RGI2000-v7.0-G-07-01372,1,0,LE07_L1TP_218001_19990710_20200918_02_T1,1999-07-10,,https://doi.org/10.1017/jog.2023.34,,McNabb,,McNabb
RGI2000-v7.0-G-07-01373,1,0,LE07_L1TP_218001_19990710_20200918_02_T1,1999-07-10,,https://doi.org/10.1017/jog.2023.34,,McNabb,,McNabb
RGI2000-v7.0-G-07-01374,9,0,LE07_L1TP_218001_19990710_20200918_02_T1,1999-07-10,,https://doi.org/10.1017/jog.2023.34,,McNabb,,McNabb
RGI2000-v7.0-G-07-01375,1,0,LE07_L1TP_218001_19990710_20200918_02_T1,1999-07-10,,https://doi.org/10.1017/jog.2023.34,,McNabb,,McNabb
RGI2000-v7.0-G-07-01376,1,0,LE07_L1TP_218001_19990710_20200918_02_T1,1999-07-10,,https://doi.org/10.1017/jog.2023.34,,McNabb,,McNabb
RGI2000-v7.0-G-07-01377,9,0,LE07_L1TP_218001_19990710_20200918_02_T1,1999-07-10,,https://doi.org/10.1017/jog.2023.34,,McNabb,,McNabb
RGI2000-v7.0-G-07-01378,1,0,LE07_L1TP_218001_19990710_20200918_02_T1,1999-07-10,,https://doi.org/10.1017/jog.2023.34,,McNabb,,McNabb
RGI2000-v7.0-G-07-01379,1,0,LE07_L1TP_218001_19990710_20200918_02_T1,1999-07-10,,https://doi.org/10.1017/jog.2023.34,,McNabb,,McNabb
RGI2000-v7.0-G-07-01380,1,0,LE07_L1TP_218001_19990710_20200918_02_T1,1999-07-10,,https://doi.org/10.1017/jog.2023.34,,McNabb,,McNabb
RGI2000-v7.0-G-07-01381,1,0,LE07_L1TP_218002_19990710_20200918_02_T1,1999-07-10,,https://doi.org/10.1017/jog.2023.34,,McNabb,,McNabb
RGI2000-v7.0-G-07-01382,1,0,LE07_L1TP_218002_19990710_20200918_02_T1,1999-07-10,,https://doi.org/10.1017/jog.2023.34,,McNabb,,McNabb
RGI2000-v7.0-G-07-01383,1,0,LE07_L1TP_218002_19990710_20200918_02_T1,1999-07-10,,https://doi.org/10.1017/jog.2023.34,,McNabb,,McNabb
RGI2000-v7.0-G-07-01384,1,0,LE07_L1TP_218002_19990710_20200918_02_T1,1999-07-10,,https://doi.org/10.1017/jog.2023.34,,McNabb,,McNabb
RGI2000-v7.0-G-07-01385,1,0,LE07_L1TP_218002_19990710_20200918_02_T1,1999-07-10,,https://doi.org/10.1017/jog.2023.34,,McNabb,,McNabb
RGI2000-v7.0-G-07-01386,1,0,LE07_L1TP_218002_19990710_20200918_02_T1,1999-07-10,,https://doi.org/10.1017/jog.2023.34,,McNabb,,McNabb
RGI2000-v7.0-G-07-01387,9,3,LE07_L1TP_218002_19990710_20200918_02_T1,1999-07-10,,https://doi.org/10.1017/jog.2023.34,,McNabb,,McNabb
RGI2000-v7.0-G-07-01388,9,0,LE07_L1TP_218002_19990710_20200918_02_T1,1999-07-10,,https://doi.org/10.1017/jog.2023.34,,McNabb,,McNabb
RGI2000-v7.0-G-07-01389,9,0,LE07_L1TP_218002_19990710_20200918_02_T1,1999-07-10,,https://doi.org/10.1017/jog.2023.34,,McNabb,,McNabb
RGI2000-v7.0-G-07-01390,9,0,LE07_L1TP_218002_19990710_20200918_02_T1,1999-07-10,,https://doi.org/10.1017/jog.2023.34,,McNabb,,McNabb
RGI2000-v7.0-G-07-01391,9,0,LE07_L1TP_218002_19990710_20200918_02_T1,1999-07-10,,https://doi.org/10.1017/jog.2023.34,,McNabb,,McNabb
RGI2000-v7.0-G-07-01392,9,0,LE07_L1TP_218002_19990710_20200918_02_T1,1999-07-10,,https://doi.org/10.1017/jog.2023.34,,McNabb,,McNabb
RGI2000-v7.0-G-07-01393,9,0,LE07_L1TP_218002_19990710_20200918_02_T1,1999-07-10,,https://doi.org/10.1017/jog.2023.34,,McNabb,,McNabb
RGI2000-v7.0-G-07-01394,9,0,LE07_L1TP_218002_19990710_20200918_02_T1,1999-07-10,,https://doi.org/10.1017/jog.2023.34,,McNabb,,McNabb
RGI2000-v7.0-G-07-01395,9,0,LE07_L1TP_218002_19990710_20200918_02_T1,1999-07-10,,https://doi.org/10.1017/jog.2023.34,,McNabb,,McNabb
RGI2000-v7.0-G-07-01396,9,0,LE07_L1TP_218002_19990710_20200918_02_T1,1999-07-10,,https://doi.org/10.1017/jog.2023.34,,McNabb,,McNabb
RGI2000-v7.0-G-07-01397,9,0,LE07_L1TP_218002_19990710_20200918_02_T1,1999-07-10,,https://doi.org/10.1017/jog.2023.34,,McNabb,,McNabb
RGI2000-v7.0-G-07-01398,9,0,LE07_L1TP_218002_19990710_20200918_02_T1,1999-07-10,,https://doi.org/10.1017/jog.2023.34,,McNabb,,McNabb
RGI2000-v7.0-G-07-01399,9,0,LE07_L1TP_218002_19990710_20200918_02_T1,1999-07-10,,https://doi.org/10.1017/jog.2023.34,,McNabb,,McNabb
RGI2000-v7.0-G-07-01400,9,0,LE07_L1TP_218002_19990710_20200918_02_T1,1999-07-10,,https://doi.org/10.1017/jog.2023.34,,McNabb,,McNabb
RGI2000-v7.0-G-07-01401,9,2,LE07_L1TP_218002_19990710_20200918_02_T1,1999-07-10,,https://doi.org/10.1017/jog.2023.34,,McNabb,,McNabb
RGI2000-v7.0-G-07-01402,9,0,LE07_L1TP_218002_19990710_20200918_02_T1,1999-07-10,,https://doi.org/10.1017/jog.2023.34,,McNabb,,McNabb
RGI2000-v7.0-G-07-01403,9,0,LE07_L1TP_218002_19990710_20200918_02_T1,1999-07-10,,https://doi.org/10.1017/jog.2023.34,,McNabb,,McNabb
RGI2000-v7.0-G-07-01404,9,1,LE07_L1TP_218002_19990710_20200918_02_T1,1999-07-10,,https://doi.org/10.1017/jog.2023.34,,McNabb,,McNabb
RGI2000-v7.0-G-07-01405,1,0,LE07_L1TP_218002_19990710_20200918_02_T1,1999-07-10,,https://doi.org/10.1017/jog.2023.34,,McNabb,,McNabb
RGI2000-v7.0-G-07-01406,1,0,LE07_L1TP_218002_19990710_20200918_02_T1,1999-07-10,,https://doi.org/10.1017/jog.2023.34,,McNabb,,McNabb
RGI2000-v7.0-G-07-01407,1,0,LE07_L1TP_218002_19990710_20200918_02_T1,1999-07-10,,https://doi.org/10.1017/jog.2023.34,,McNabb,,McNabb
RGI2000-v7.0-G-07-01408,9,0,LE07_L1TP_218002_19990710_20200918_02_T1,1999-07-10,,https://doi.org/10.1017/jog.2023.34,,McNabb,,McNabb
RGI2000-v7.0-G-07-01409,9,0,LE07_L1TP_218002_19990710_20200918_02_T1,1999-07-10,,https://doi.org/10.1017/jog.2023.34,,McNabb,,McNabb
RGI2000-v7.0-G-07-01580,1,0,LE07_L1TP_218001_19990710_20200918_02_T1,1999-07-10,,https://doi.org/10.1017/jog.2023.34,,McNabb,,McNabb
RGI2000-v7.0-G-07-01581,1,0,LE07_L1TP_218001_19990710_20200918_02_T1,1999-07-10,,https://doi.org/10.1017/jog.2023.34,,McNabb,,McNabb
RGI2000-v7.0-G-07-01582,1,0,LE07_L1TP_218001_19990710_20200918_02_T1,1999-07-10,,https://doi.org/10.1017/jog.2023.34,,McNabb,,McNabb
RGI2000-v7.0-G-07-01583,1,0,LE07_L1TP_218001_19990710_20200918_02_T1,1999-07-10,,https://doi.org/10.1017/jog.2023.34,,McNabb,,McNabb
