rgi_id,auto_term,lake_level,image_id,image_date,inventory_doi,contributor,notes
RGI2000-v7.0-G-07-00085,9,0,LE07_L1TP_218003_19990710_20200918_02_T1,1999-07-10,https://doi.org/10.1017/jog.2023.34,Osika,
RGI2000-v7.0-G-07-00086,9,0,LE07_L1TP_218003_19990710_20200918_02_T1,1999-07-10,https://doi.org/10.1017/jog.2023.34,Osika,
RGI2000-v7.0-G-07-00087,9,0,LE07_L1TP_218003_19990710_20200918_02_T1,1999-07-10,https://doi.org/10.1017/jog.2023.34,Osika,
RGI2000-v7.0-G-07-00088,9,0,LE07_L1TP_218003_19990710_20200918_02_T1,1999-07-10,https://doi.org/10.1017/jog.2023.34,Osika,
RGI2000-v7.0-G-07-00089,9,0,LE07_L1TP_218003_19990710_20200918_02_T1,1999-07-10,https://doi.org/10.1017/jog.2023.34,Osika,
RGI2000-v7.0-G-07-00090,9,0,LE07_L1TP_218003_19990710_20200918_02_T1,1999-07-10,https://doi.org/10.1017/jog.2023.34,Osika,
RGI2000-v7.0-G-07-00091,9,0,LE07_L1TP_218003_19990710_20200918_02_T1,1999-07-10,https://doi.org/10.1017/jog.2023.34,Osika,
RGI2000-v7.0-G-07-00092,9,0,LE07_L1TP_218003_19990710_20200918_02_T1,1999-07-10,https://doi.org/10.1017/jog.2023.34,Osika,
RGI2000-v7.0-G-07-00093,9,0,LE07_L1TP_218003_19990710_20200918_02_T1,1999-07-10,https://doi.org/10.1017/jog.2023.34,Osika,
RGI2000-v7.0-G-07-00094,9,0,LE07_L1TP_218003_19990710_20200918_02_T1,1999-07-10,https://doi.org/10.1017/jog.2023.34,Osika,
RGI2000-v7.0-G-07-00095,9,0,LE07_L1TP_218003_19990710_20200918_02_T1,1999-07-10,https://doi.org/10.1017/jog.2023.34,Osika,
RGI2000-v7.0-G-07-00096,9,0,LE07_L1TP_218003_19990710_20200918_02_T1,1999-07-10,https://doi.org/10.1017/jog.2023.34,Osika,
RGI2000-v7.0-G-07-00097,9,0,LE07_L1TP_218003_19990710_20200918_02_T1,1999-07-10,https://doi.org/10.1017/jog.2023.34,Osika,
RGI2000-v7.0-G-07-00098,9,0,LE07_L1TP_214003_20000817_20200918_02_T1,2000-08-17,https://doi.org/10.1017/jog.2023.34,Osika,
RGI2000-v7.0-G-07-00099,9,0,LE07_L1TP_214003_20000817_20200918_02_T1,2000-08-17,https://doi.org/10.1017/jog.2023.34,Osika,
RGI2000-v7.0-G-07-00100,9,0,LE07_L1TP_218003_19990710_20200918_02_T1,1999-07-10,https://doi.org/10.1017/jog.2023.34,Osika,
RGI2000-v7.0-G-07-00101,9,0,LE07_L1TP_218003_19990710_20200918_02_T1,1999-07-10,https://doi.org/10.1017/jog.2023.34,Osika,
RGI2000-v7.0-G-07-00102,9,0,LE07_L1TP_218003_19990710_20200918_02_T1,1999-07-10,https://doi.org/10.1017/jog.2023.34,Osika,
RGI2000-v7.0-G-07-00103,9,0,LE07_L1TP_218003_19990710_20200918_02_T1,1999-07-10,https://doi.org/10.1017/jog.2023.34,Osika,
RGI2000-v7.0-G-07-00104,9,0,LE07_L1TP_218003_19990710_20200918_02_T1,1999-07-10,https://doi.org/10.1017/jog.2023.34,Osika,
RGI2000-v7.0-G-07-00105,9,0,LE07_L1TP_218003_19990710_20200918_02_T1,1999-07-10,https://doi.org/10.1017/jog.2023.34,Osika,
RGI2000-v7.0-G-07-00106,9,0,LE07_L1TP_218003_19990710_20200918_02_T1,1999-07-10,https://doi.org/10.1017/jog.2023.34,Osika,
RGI2000-v7.0-G-07-00107,9,0,LE07_L1TP_218003_19990710_20200918_02_T1,1999-07-10,https://doi.org/10.1017/jog.2023.34,Osika,
RGI2000-v7.0-G-07-00108,9,0,LE07_L1TP_218003_19990710_20200918_02_T1,1999-07-10,https://doi.org/10.1017/jog.2023.34,Osika,
RGI2000-v7.0-G-07-00109,9,0,LE07_L1TP_218003_19990710_20200918_02_T1,1999-07-10,https://doi.org/10.1017/jog.2023.34,Osika,
RGI2000-v7.0-G-07-00110,9,0,LE07_L1TP_218003_19990710_20200918_02_T1,1999-07-10,https://doi.org/10.1017/jog.2023.34,Osika,
RGI2000-v7.0-G-07-00111,9,0,LE07_L1TP_218003_19990710_20200918_02_T1,1999-07-10,https://doi.org/10.1017/jog.2023.34,Osika,
RGI2000-v7.0-G-07-00112,9,0,LE07_L1TP_214003_20000817_20200918_02_T1,2000-08-17,https://doi.org/10.1017/jog.2023.34,Osika,
RGI2000-v7.0-G-07-00113,9,0,LE07_L1TP_214003_20000817_20200918_02_T1,2000-08-17,https://doi.org/10.1017/jog.2023.34,Osika,
RGI2000-v7.0-G-07-00114,9,0,LE07_L1TP_214003_20000817_20200918_02_T1,2000-08-17,https://doi.org/10.1017/jog.2023.34,Osika,
RGI2000-v7.0-G-07-00115,9,0,LE07_L1TP_214003_20000817_20200918_02_T1,2000-08-17,https://doi.org/10.1017/jog.2023.34,Osika,
RGI2000-v7.0-G-07-00116,9,0,LE07_L1TP_218003_19990710_20200918_02_T1,1999-07-10,https://doi.org/10.1017/jog.2023.34,Osika,
RGI2000-v7.0-G-07-00117,9,0,LE07_L1TP_214003_20000817_20200918_02_T1,2000-08-17,https://doi.org/10.1017/jog.2023.34,Osika,
RGI2000-v7.0-G-07-00118,9,0,LE07_L1TP_214003_20000817_20200918_02_T1,2000-08-17,https://doi.org/10.1017/jog.2023.34,Osika,
RGI2000-v7.0-G-07-00119,9,0,LE07_L1TP_220002_19990809_20200918_02_T1,1999-08-09,https://doi.org/10.1017/jog.2023.34,Osika,
RGI2000-v7.0-G-07-00120,9,0,LE07_L1TP_220002_19990809_20200918_02_T1,1999-08-09,https://doi.org/10.1017/jog.2023.34,Osika,
RGI2000-v7.0-G-07-00122,9,0,LE07_L1TP_218003_19990710_20200918_02_T1,1999-07-10,https://doi.org/10.1017/jog.2023.34,Osika,
RGI2000-v7.0-G-07-00123,9,0,LE07_L1TP_214003_20000817_20200918_02_T1,2000-08-17,https://doi.org/10.1017/jog.2023.34,Osika,
RGI2000-v7.0-G-07-00124,9,0,LE07_L1TP_218003_19990710_20200918_02_T1,1999-07-10,https://doi.org/10.1017/jog.2023.34,Osika,
RGI2000-v7.0-G-07-00125,9,0,LE07_L1TP_218003_19990710_20200918_02_T1,1999-07-10,https://doi.org/10.1017/jog.2023.34,Osika,
RGI2000-v7.0-G-07-00126,9,0,LE07_L1TP_218003_19990710_20200918_02_T1,1999-07-10,https://doi.org/10.1017/jog.2023.34,Osika,
RGI2000-v7.0-G-07-00127,9,0,LE07_L1TP_218003_19990710_20200918_02_T1,1999-07-10,https://doi.org/10.1017/jog.2023.34,Osika,
RGI2000-v7.0-G-07-00128,9,0,LE07_L1TP_218003_19990710_20200918_02_T1,1999-07-10,https://doi.org/10.1017/jog.2023.34,Osika,
RGI2000-v7.0-G-07-00129,9,0,LE07_L1TP_218003_19990710_20200918_02_T1,1999-07-10,https://doi.org/10.1017/jog.2023.34,Osika,
RGI2000-v7.0-G-07-00130,9,0,LE07_L1TP_218003_19990710_20200918_02_T1,1999-07-10,https://doi.org/10.1017/jog.2023.34,Osika,
RGI2000-v7.0-G-07-00131,9,0,LE07_L1TP_218003_19990710_20200918_02_T1,1999-07-10,https://doi.org/10.1017/jog.2023.34,Osika,
RGI2000-v7.0-G-07-00132,9,0,LE07_L1TP_218003_19990710_20200918_02_T1,1999-07-10,https://doi.org/10.1017/jog.2023.34,Osika,
RGI2000-v7.0-G-07-00133,9,0,LE07_L1TP_218003_19990710_20200918_02_T1,1999-07-10,https://doi.org/10.1017/jog.2023.34,Osika,
RGI2000-v7.0-G-07-00134,9,0,LE07_L1TP_218003_19990710_20200918_02_T1,1999-07-10,https://doi.org/10.1017/jog.2023.34,Osika,
RGI2000-v7.0-G-07-00135,9,0,LE07_L1TP_218003_19990710_20200918_02_T1,1999-07-10,https://doi.org/10.1017/jog.2023.34,Osika,
RGI2000-v7.0-G-07-00136,9,0,LE07_L1TP_218003_19990710_20200918_02_T1,1999-07-10,https://doi.org/10.1017/jog.2023.34,Osika,
RGI2000-v7.0-G-07-00137,9,0,LE07_L1TP_218003_19990710_20200918_02_T1,1999-07-10,https://doi.org/10.1017/jog.2023.34,Osika,
RGI2000-v7.0-G-07-00138,9,0,LE07_L1TP_218003_19990710_20200918_02_T1,1999-07-10,https://doi.org/10.1017/jog.2023.34,Osika,
RGI2000-v7.0-G-07-00139,9,0,LE07_L1TP_218003_19990710_20200918_02_T1,1999-07-10,https://doi.org/10.1017/jog.2023.34,Osika,
RGI2000-v7.0-G-07-00140,9,0,LE07_L1TP_218003_19990710_20200918_02_T1,1999-07-10,https://doi.org/10.1017/jog.2023.34,Osika,
RGI2000-v7.0-G-07-00141,9,0,LE07_L1TP_218003_19990710_20200918_02_T1,1999-07-10,https://doi.org/10.1017/jog.2023.34,Osika,
RGI2000-v7.0-G-07-00142,9,0,LE07_L1TP_218003_19990710_20200918_02_T1,1999-07-10,https://doi.org/10.1017/jog.2023.34,Osika,
RGI2000-v7.0-G-07-00143,9,0,LE07_L1TP_218003_19990710_20200918_02_T1,1999-07-10,https://doi.org/10.1017/jog.2023.34,Osika,
RGI2000-v7.0-G-07-00144,9,0,LE07_L1TP_218003_19990710_20200918_02_T1,1999-07-10,https://doi.org/10.1017/jog.2023.34,Osika,
RGI2000-v7.0-G-07-00145,9,0,LE07_L1TP_218003_19990710_20200918_02_T1,1999-07-10,https://doi.org/10.1017/jog.2023.34,Osika,
RGI2000-v7.0-G-07-00146,9,0,LE07_L1TP_218003_19990710_20200918_02_T1,1999-07-10,https://doi.org/10.1017/jog.2023.34,Osika,
RGI2000-v7.0-G-07-00147,9,0,LE07_L1TP_218003_19990710_20200918_02_T1,1999-07-10,https://doi.org/10.1017/jog.2023.34,Osika,
RGI2000-v7.0-G-07-00148,9,0,LE07_L1TP_218003_19990710_20200918_02_T1,1999-07-10,https://doi.org/10.1017/jog.2023.34,Osika,
RGI2000-v7.0-G-07-00149,9,0,LE07_L1TP_218003_19990710_20200918_02_T1,1999-07-10,https://doi.org/10.1017/jog.2023.34,Osika,
RGI2000-v7.0-G-07-00150,9,0,LE07_L1TP_218003_19990710_20200918_02_T1,1999-07-10,https://doi.org/10.1017/jog.2023.34,Osika,
RGI2000-v7.0-G-07-00151,9,0,LE07_L1TP_218003_19990710_20200918_02_T1,1999-07-10,https://doi.org/10.1017/jog.2023.34,Osika,
RGI2000-v7.0-G-07-00152,9,0,LE07_L1TP_218003_19990710_20200918_02_T1,1999-07-10,https://doi.org/10.1017/jog.2023.34,Osika,
RGI2000-v7.0-G-07-00153,9,0,LE07_L1TP_218003_19990710_20200918_02_T1,1999-07-10,https://doi.org/10.1017/jog.2023.34,Osika,
RGI2000-v7.0-G-07-00154,9,0,LE07_L1TP_218003_19990710_20200918_02_T1,1999-07-10,https://doi.org/10.1017/jog.2023.34,Osika,
RGI2000-v7.0-G-07-00155,9,0,LE07_L1TP_218003_19990710_20200918_02_T1,1999-07-10,https://doi.org/10.1017/jog.2023.34,Osika,
RGI2000-v7.0-G-07-00156,9,0,LE07_L1TP_220002_19990809_20200918_02_T1,1999-08-09,https://doi.org/10.1017/jog.2023.34,Osika,
RGI2000-v7.0-G-07-00157,9,0,LE07_L1TP_220002_19990809_20200918_02_T1,1999-08-09,https://doi.org/10.1017/jog.2023.34,Osika,
RGI2000-v7.0-G-07-00158,9,0,LE07_L1TP_220002_19990809_20200918_02_T1,1999-08-09,https://doi.org/10.1017/jog.2023.34,Osika,
RGI2000-v7.0-G-07-00159,9,0,LE07_L1TP_220002_19990809_20200918_02_T1,1999-08-09,https://doi.org/10.1017/jog.2023.34,Osika,
RGI2000-v7.0-G-07-00160,9,0,LE07_L1TP_220002_19990809_20200918_02_T1,1999-08-09,https://doi.org/10.1017/jog.2023.34,Osika,
RGI2000-v7.0-G-07-00161,9,0,LE07_L1TP_218003_19990710_20200918_02_T1,1999-07-10,https://doi.org/10.1017/jog.2023.34,Osika,
RGI2000-v7.0-G-07-00162,9,0,LE07_L1TP_218003_19990710_20200918_02_T1,1999-07-10,https://doi.org/10.1017/jog.2023.34,Osika,
RGI2000-v7.0-G-07-00163,9,0,LE07_L1TP_218003_19990710_20200918_02_T1,1999-07-10,https://doi.org/10.1017/jog.2023.34,Osika,
RGI2000-v7.0-G-07-00164,9,0,LE07_L1TP_220002_19990809_20200918_02_T1,1999-08-09,https://doi.org/10.1017/jog.2023.34,Osika,
RGI2000-v7.0-G-07-00165,9,0,LE07_L1TP_218003_19990710_20200918_02_T1,1999-07-10,https://doi.org/10.1017/jog.2023.34,Osika,
RGI2000-v7.0-G-07-00166,9,0,LE07_L1TP_218003_19990710_20200918_02_T1,1999-07-10,https://doi.org/10.1017/jog.2023.34,Osika,
RGI2000-v7.0-G-07-00167,9,0,LE07_L1TP_218003_19990710_20200918_02_T1,1999-07-10,https://doi.org/10.1017/jog.2023.34,Osika,
RGI2000-v7.0-G-07-00168,9,0,LE07_L1TP_220002_19990809_20200918_02_T1,1999-08-09,https://doi.org/10.1017/jog.2023.34,Osika,
RGI2000-v7.0-G-07-00169,9,0,LE07_L1TP_220002_19990809_20200918_02_T1,1999-08-09,https://doi.org/10.1017/jog.2023.34,Osika,
RGI2000-v7.0-G-07-00170,9,0,LE07_L1TP_220002_19990809_20200918_02_T1,1999-08-09,https://doi.org/10.1017/jog.2023.34,Osika,
RGI2000-v7.0-G-07-00171,9,0,LE07_L1TP_220002_19990809_20200918_02_T1,1999-08-09,https://doi.org/10.1017/jog.2023.34,Osika,
RGI2000-v7.0-G-07-00172,9,0,LE07_L1TP_218003_19990710_20200918_02_T1,1999-07-10,https://doi.org/10.1017/jog.2023.34,Osika,
RGI2000-v7.0-G-07-00173,9,0,LE07_L1TP_218003_19990710_20200918_02_T1,1999-07-10,https://doi.org/10.1017/jog.2023.34,Osika,
RGI2000-v7.0-G-07-00174,9,0,LE07_L1TP_218003_19990710_20200918_02_T1,1999-07-10,https://doi.org/10.1017/jog.2023.34,Osika,
RGI2000-v7.0-G-07-00175,9,0,LE07_L1TP_218003_19990710_20200918_02_T1,1999-07-10,https://doi.org/10.1017/jog.2023.34,Osika,
RGI2000-v7.0-G-07-00176,9,0,LE07_L1TP_218003_19990710_20200918_02_T1,1999-07-10,https://doi.org/10.1017/jog.2023.34,Osika,
RGI2000-v7.0-G-07-00177,9,0,LE07_L1TP_218003_19990710_20200918_02_T1,1999-07-10,https://doi.org/10.1017/jog.2023.34,Osika,
RGI2000-v7.0-G-07-00178,9,0,LE07_L1TP_218003_19990710_20200918_02_T1,1999-07-10,https://doi.org/10.1017/jog.2023.34,Osika,
RGI2000-v7.0-G-07-00179,9,0,LE07_L1TP_218003_19990710_20200918_02_T1,1999-07-10,https://doi.org/10.1017/jog.2023.34,Osika,
RGI2000-v7.0-G-07-00180,9,0,LE07_L1TP_218003_19990710_20200918_02_T1,1999-07-10,https://doi.org/10.1017/jog.2023.34,Osika,
RGI2000-v7.0-G-07-00181,9,0,LE07_L1TP_218003_19990710_20200918_02_T1,1999-07-10,https://doi.org/10.1017/jog.2023.34,Osika,
RGI2000-v7.0-G-07-00182,9,0,LE07_L1TP_218003_19990710_20200918_02_T1,1999-07-10,https://doi.org/10.1017/jog.2023.34,Osika,
RGI2000-v7.0-G-07-00183,9,0,LE07_L1TP_218003_19990710_20200918_02_T1,1999-07-10,https://doi.org/10.1017/jog.2023.34,Osika,
RGI2000-v7.0-G-07-00184,9,0,LE07_L1TP_218003_19990710_20200918_02_T1,1999-07-10,https://doi.org/10.1017/jog.2023.34,Osika,
RGI2000-v7.0-G-07-00185,9,0,LE07_L1TP_220002_19990809_20200918_02_T1,1999-08-09,https://doi.org/10.1017/jog.2023.34,Osika,
RGI2000-v7.0-G-07-00186,9,0,LE07_L1TP_218003_19990710_20200918_02_T1,1999-07-10,https://doi.org/10.1017/jog.2023.34,Osika,
RGI2000-v7.0-G-07-00187,9,0,LE07_L1TP_218003_19990710_20200918_02_T1,1999-07-10,https://doi.org/10.1017/jog.2023.34,Osika,
RGI2000-v7.0-G-07-00188,9,0,LE07_L1TP_218003_19990710_20200918_02_T1,1999-07-10,https://doi.org/10.1017/jog.2023.34,Osika,
RGI2000-v7.0-G-07-00189,9,0,LE07_L1TP_218003_19990710_20200918_02_T1,1999-07-10,https://doi.org/10.1017/jog.2023.34,Osika,
RGI2000-v7.0-G-07-00190,9,0,LE07_L1TP_218003_19990710_20200918_02_T1,1999-07-10,https://doi.org/10.1017/jog.2023.34,Osika,
RGI2000-v7.0-G-07-00191,9,0,LE07_L1TP_218003_19990710_20200918_02_T1,1999-07-10,https://doi.org/10.1017/jog.2023.34,Osika,
RGI2000-v7.0-G-07-00192,9,0,LE07_L1TP_218003_19990710_20200918_02_T1,1999-07-10,https://doi.org/10.1017/jog.2023.34,Osika,
RGI2000-v7.0-G-07-00193,9,0,LE07_L1TP_220002_19990809_20200918_02_T1,1999-08-09,https://doi.org/10.1017/jog.2023.34,Osika,
RGI2000-v7.0-G-07-00194,9,0,LE07_L1TP_218003_19990710_20200918_02_T1,1999-07-10,https://doi.org/10.1017/jog.2023.34,Osika,
RGI2000-v7.0-G-07-00195,9,0,LE07_L1TP_220002_19990809_20200918_02_T1,1999-08-09,https://doi.org/10.1017/jog.2023.34,Osika,
RGI2000-v7.0-G-07-00196,9,0,LE07_L1TP_220002_19990809_20200918_02_T1,1999-08-09,https://doi.org/10.1017/jog.2023.34,Osika,
RGI2000-v7.0-G-07-00197,9,0,LE07_L1TP_218003_19990710_20200918_02_T1,1999-07-10,https://doi.org/10.1017/jog.2023.34,Osika,
RGI2000-v7.0-G-07-00198,9,0,LE07_L1TP_218003_19990710_20200918_02_T1,1999-07-10,https://doi.org/10.1017/jog.2023.34,Osika,
RGI2000-v7.0-G-07-00199,9,0,LE07_L1TP_218003_19990710_20200918_02_T1,1999-07-10,https://doi.org/10.1017/jog.2023.34,Osika,
RGI2000-v7.0-G-07-00200,9,0,LE07_L1TP_218003_19990710_20200918_02_T1,1999-07-10,https://doi.org/10.1017/jog.2023.34,Osika,
RGI2000-v7.0-G-07-00201,9,0,LE07_L1TP_218003_19990710_20200918_02_T1,1999-07-10,https://doi.org/10.1017/jog.2023.34,Osika,
RGI2000-v7.0-G-07-00202,9,0,LE07_L1TP_218003_19990710_20200918_02_T1,1999-07-10,https://doi.org/10.1017/jog.2023.34,Osika,
RGI2000-v7.0-G-07-00203,9,0,LE07_L1TP_218003_19990710_20200918_02_T1,1999-07-10,https://doi.org/10.1017/jog.2023.34,Osika,
RGI2000-v7.0-G-07-00204,9,0,LE07_L1TP_220002_19990809_20200918_02_T1,1999-08-09,https://doi.org/10.1017/jog.2023.34,Osika,
RGI2000-v7.0-G-07-00205,9,0,LE07_L1TP_220002_19990809_20200918_02_T1,1999-08-09,https://doi.org/10.1017/jog.2023.34,Osika,
RGI2000-v7.0-G-07-00206,9,0,LE07_L1TP_220002_19990809_20200918_02_T1,1999-08-09,https://doi.org/10.1017/jog.2023.34,Osika,
RGI2000-v7.0-G-07-00207,9,0,LE07_L1TP_220002_19990809_20200918_02_T1,1999-08-09,https://doi.org/10.1017/jog.2023.34,Osika,
RGI2000-v7.0-G-07-00208,9,0,LE07_L1TP_220002_19990809_20200918_02_T1,1999-08-09,https://doi.org/10.1017/jog.2023.34,Osika,
RGI2000-v7.0-G-07-00209,9,0,LE07_L1TP_220002_19990809_20200918_02_T1,1999-08-09,https://doi.org/10.1017/jog.2023.34,Osika,
RGI2000-v7.0-G-07-00210,9,0,LE07_L1TP_220002_19990809_20200918_02_T1,1999-08-09,https://doi.org/10.1017/jog.2023.34,Osika,
RGI2000-v7.0-G-07-00211,9,0,LE07_L1TP_220002_19990809_20200918_02_T1,1999-08-09,https://doi.org/10.1017/jog.2023.34,Osika,
RGI2000-v7.0-G-07-00212,9,0,LE07_L1TP_220002_19990809_20200918_02_T1,1999-08-09,https://doi.org/10.1017/jog.2023.34,Osika,
RGI2000-v7.0-G-07-00213,9,0,LE07_L1TP_220002_19990809_20200918_02_T1,1999-08-09,https://doi.org/10.1017/jog.2023.34,Osika,
RGI2000-v7.0-G-07-00214,9,0,LE07_L1TP_220002_19990809_20200918_02_T1,1999-08-09,https://doi.org/10.1017/jog.2023.34,Osika,
RGI2000-v7.0-G-07-00215,9,0,LE07_L1TP_220002_19990809_20200918_02_T1,1999-08-09,https://doi.org/10.1017/jog.2023.34,Osika,
RGI2000-v7.0-G-07-00216,9,0,LE07_L1TP_220002_19990809_20200918_02_T1,1999-08-09,https://doi.org/10.1017/jog.2023.34,Osika,
RGI2000-v7.0-G-07-00217,9,0,LE07_L1TP_220002_19990809_20200918_02_T1,1999-08-09,https://doi.org/10.1017/jog.2023.34,Osika,
RGI2000-v7.0-G-07-00218,9,0,LE07_L1TP_220002_19990809_20200918_02_T1,1999-08-09,https://doi.org/10.1017/jog.2023.34,Osika,
RGI2000-v7.0-G-07-00219,9,0,LE07_L1TP_220002_19990809_20200918_02_T1,1999-08-09,https://doi.org/10.1017/jog.2023.34,Osika,
RGI2000-v7.0-G-07-00220,9,0,LE07_L1TP_220002_19990809_20200918_02_T1,1999-08-09,https://doi.org/10.1017/jog.2023.34,Osika,
RGI2000-v7.0-G-07-00221,9,0,LE07_L1TP_220002_19990809_20200918_02_T1,1999-08-09,https://doi.org/10.1017/jog.2023.34,Osika,
RGI2000-v7.0-G-07-00222,9,0,LE07_L1TP_220002_19990809_20200918_02_T1,1999-08-09,https://doi.org/10.1017/jog.2023.34,Osika,
RGI2000-v7.0-G-07-00223,9,0,LE07_L1TP_220002_19990809_20200918_02_T1,1999-08-09,https://doi.org/10.1017/jog.2023.34,Osika,
RGI2000-v7.0-G-07-00224,9,0,LE07_L1TP_220002_19990809_20200918_02_T1,1999-08-09,https://doi.org/10.1017/jog.2023.34,Osika,
RGI2000-v7.0-G-07-00225,9,0,LE07_L1TP_220002_19990809_20200918_02_T1,1999-08-09,https://doi.org/10.1017/jog.2023.34,Osika,
RGI2000-v7.0-G-07-00226,9,0,LE07_L1TP_220002_19990809_20200918_02_T1,1999-08-09,https://doi.org/10.1017/jog.2023.34,Osika,
RGI2000-v7.0-G-07-00227,9,0,LE07_L1TP_220002_19990809_20200918_02_T1,1999-08-09,https://doi.org/10.1017/jog.2023.34,Osika,
RGI2000-v7.0-G-07-00228,9,0,LE07_L1TP_220002_19990809_20200918_02_T1,1999-08-09,https://doi.org/10.1017/jog.2023.34,Osika,
RGI2000-v7.0-G-07-00229,9,0,LE07_L1TP_218003_19990710_20200918_02_T1,1999-07-10,https://doi.org/10.1017/jog.2023.34,Osika,
RGI2000-v7.0-G-07-00230,9,0,LE07_L1TP_218003_19990710_20200918_02_T1,1999-07-10,https://doi.org/10.1017/jog.2023.34,Osika,
RGI2000-v7.0-G-07-00231,9,0,LE07_L1TP_220002_19990809_20200918_02_T1,1999-08-09,https://doi.org/10.1017/jog.2023.34,Osika,
RGI2000-v7.0-G-07-00232,9,0,LE07_L1TP_220002_19990809_20200918_02_T1,1999-08-09,https://doi.org/10.1017/jog.2023.34,Osika,
RGI2000-v7.0-G-07-00233,9,0,LE07_L1TP_220002_19990809_20200918_02_T1,1999-08-09,https://doi.org/10.1017/jog.2023.34,Osika,
RGI2000-v7.0-G-07-00234,9,0,LE07_L1TP_220002_19990809_20200918_02_T1,1999-08-09,https://doi.org/10.1017/jog.2023.34,Osika,
RGI2000-v7.0-G-07-00235,9,0,LE07_L1TP_220002_19990809_20200918_02_T1,1999-08-09,https://doi.org/10.1017/jog.2023.34,Osika,
RGI2000-v7.0-G-07-00236,9,0,LE07_L1TP_220002_19990809_20200918_02_T1,1999-08-09,https://doi.org/10.1017/jog.2023.34,Osika,
RGI2000-v7.0-G-07-00237,9,0,LE07_L1TP_220002_19990809_20200918_02_T1,1999-08-09,https://doi.org/10.1017/jog.2023.34,Osika,
RGI2000-v7.0-G-07-00238,9,0,LE07_L1TP_218003_19990710_20200918_02_T1,1999-07-10,https://doi.org/10.1017/jog.2023.34,Osika,
RGI2000-v7.0-G-07-00252,2,2,LE07_L1TP_214004_20000817_20200917_02_T1,2000-08-17,https://doi.org/10.1017/jog.2023.34,Osika,
RGI2000-v7.0-G-07-00361,2,2,LE07_L1TP_214004_20000817_20200917_02_T1,2000-08-17,https://doi.org/10.1017/jog.2023.34,Osika,"Small lake, in doubt between level 2 and 3"
RGI2000-v7.0-G-07-00362,9,0,LE07_L1TP_214004_20000817_20200917_02_T1,2000-08-17,https://doi.org/10.1017/jog.2023.34,Osika,
RGI2000-v7.0-G-07-00363,9,0,LE07_L1TP_214004_20000817_20200917_02_T1,2000-08-17,https://doi.org/10.1017/jog.2023.34,Osika,
RGI2000-v7.0-G-07-00364,9,0,LE07_L1TP_214004_20000817_20200917_02_T1,2000-08-17,https://doi.org/10.1017/jog.2023.34,Osika,
RGI2000-v7.0-G-07-00365,9,0,LE07_L1TP_218003_19990710_20200918_02_T1,1999-07-10,https://doi.org/10.1017/jog.2023.34,Osika,
RGI2000-v7.0-G-07-00366,9,0,LE07_L1TP_218003_19990710_20200918_02_T1,1999-07-10,https://doi.org/10.1017/jog.2023.34,Osika,
RGI2000-v7.0-G-07-00367,9,0,LE07_L1TP_214004_20000817_20200917_02_T1,2000-08-17,https://doi.org/10.1017/jog.2023.34,Osika,
RGI2000-v7.0-G-07-00368,9,0,LE07_L1TP_214004_20000817_20200917_02_T1,2000-08-17,https://doi.org/10.1017/jog.2023.34,Osika,
RGI2000-v7.0-G-07-00369,9,0,LE07_L1TP_214004_20000817_20200917_02_T1,2000-08-17,https://doi.org/10.1017/jog.2023.34,Osika,
RGI2000-v7.0-G-07-00370,9,0,LE07_L1TP_214004_20000817_20200917_02_T1,2000-08-17,https://doi.org/10.1017/jog.2023.34,Osika,
RGI2000-v7.0-G-07-00371,9,0,LE07_L1TP_214004_20000817_20200917_02_T1,2000-08-17,https://doi.org/10.1017/jog.2023.34,Osika,
RGI2000-v7.0-G-07-00372,9,0,LE07_L1TP_214004_20000817_20200917_02_T1,2000-08-17,https://doi.org/10.1017/jog.2023.34,Osika,
RGI2000-v7.0-G-07-00373,9,0,LE07_L1TP_214004_20000817_20200917_02_T1,2000-08-17,https://doi.org/10.1017/jog.2023.34,Osika,
RGI2000-v7.0-G-07-00374,9,0,LE07_L1TP_214004_20000817_20200917_02_T1,2000-08-17,https://doi.org/10.1017/jog.2023.34,Osika,
RGI2000-v7.0-G-07-00375,9,0,LE07_L1TP_214004_20000817_20200917_02_T1,2000-08-17,https://doi.org/10.1017/jog.2023.34,Osika,
RGI2000-v7.0-G-07-00376,9,0,LE07_L1TP_214004_20000817_20200917_02_T1,2000-08-17,https://doi.org/10.1017/jog.2023.34,Osika,
RGI2000-v7.0-G-07-00377,9,0,LE07_L1TP_218003_19990710_20200918_02_T1,1999-07-10,https://doi.org/10.1017/jog.2023.34,Osika,
RGI2000-v7.0-G-07-00378,9,0,LE07_L1TP_214004_20000817_20200917_02_T1,2000-08-17,https://doi.org/10.1017/jog.2023.34,Osika,
RGI2000-v7.0-G-07-00379,9,0,LE07_L1TP_214004_20000817_20200917_02_T1,2000-08-17,https://doi.org/10.1017/jog.2023.34,Osika,
RGI2000-v7.0-G-07-00380,9,0,LE07_L1TP_218003_19990710_20200918_02_T1,1999-07-10,https://doi.org/10.1017/jog.2023.34,Osika,
RGI2000-v7.0-G-07-00381,9,0,LE07_L1TP_218003_19990710_20200918_02_T1,1999-07-10,https://doi.org/10.1017/jog.2023.34,Osika,
RGI2000-v7.0-G-07-00382,9,0,LE07_L1TP_218003_19990710_20200918_02_T1,1999-07-10,https://doi.org/10.1017/jog.2023.34,Osika,
RGI2000-v7.0-G-07-00384,9,0,LE07_L1TP_214004_20000817_20200917_02_T1,2000-08-17,https://doi.org/10.1017/jog.2023.34,Osika,
RGI2000-v7.0-G-07-00385,9,0,LE07_L1TP_218003_19990710_20200918_02_T1,1999-07-10,https://doi.org/10.1017/jog.2023.34,Osika,
RGI2000-v7.0-G-07-00386,9,0,LE07_L1TP_218003_19990710_20200918_02_T1,1999-07-10,https://doi.org/10.1017/jog.2023.34,Osika,
RGI2000-v7.0-G-07-00387,9,0,LE07_L1TP_218003_19990710_20200918_02_T1,1999-07-10,https://doi.org/10.1017/jog.2023.34,Osika,
RGI2000-v7.0-G-07-00388,9,0,LE07_L1TP_218003_19990710_20200918_02_T1,1999-07-10,https://doi.org/10.1017/jog.2023.34,Osika,
RGI2000-v7.0-G-07-00389,9,0,LE07_L1TP_218003_19990710_20200918_02_T1,1999-07-10,https://doi.org/10.1017/jog.2023.34,Osika,
RGI2000-v7.0-G-07-00390,9,0,LE07_L1TP_214004_20000817_20200917_02_T1,2000-08-17,https://doi.org/10.1017/jog.2023.34,Osika,
RGI2000-v7.0-G-07-00391,9,0,LE07_L1TP_214003_20000817_20200918_02_T1,2000-08-17,https://doi.org/10.1017/jog.2023.34,Osika,
RGI2000-v7.0-G-07-00392,9,0,LE07_L1TP_214003_20000817_20200918_02_T1,2000-08-17,https://doi.org/10.1017/jog.2023.34,Osika,
RGI2000-v7.0-G-07-00393,9,0,LE07_L1TP_218003_19990710_20200918_02_T1,1999-07-10,https://doi.org/10.1017/jog.2023.34,Osika,
RGI2000-v7.0-G-07-00394,9,0,LE07_L1TP_214003_20000817_20200918_02_T1,2000-08-17,https://doi.org/10.1017/jog.2023.34,Osika,
RGI2000-v7.0-G-07-00395,9,0,LE07_L1TP_214003_20000817_20200918_02_T1,2000-08-17,https://doi.org/10.1017/jog.2023.34,Osika,
RGI2000-v7.0-G-07-00396,9,0,LE07_L1TP_214003_20000817_20200918_02_T1,2000-08-17,https://doi.org/10.1017/jog.2023.34,Osika,
RGI2000-v7.0-G-07-00397,9,0,LE07_L1TP_214003_20000817_20200918_02_T1,2000-08-17,https://doi.org/10.1017/jog.2023.34,Osika,
RGI2000-v7.0-G-07-00398,9,0,LE07_L1TP_218003_19990710_20200918_02_T1,1999-07-10,https://doi.org/10.1017/jog.2023.34,Osika,
RGI2000-v7.0-G-07-00399,9,0,LE07_L1TP_214003_20000817_20200918_02_T1,2000-08-17,https://doi.org/10.1017/jog.2023.34,Osika,
RGI2000-v7.0-G-07-00400,9,0,LE07_L1TP_214003_20000817_20200918_02_T1,2000-08-17,https://doi.org/10.1017/jog.2023.34,Osika,
RGI2000-v7.0-G-07-00401,9,0,LE07_L1TP_218003_19990710_20200918_02_T1,1999-07-10,https://doi.org/10.1017/jog.2023.34,Osika,
RGI2000-v7.0-G-07-00402,9,0,LE07_L1TP_214004_20000817_20200917_02_T1,2000-08-17,https://doi.org/10.1017/jog.2023.34,Osika,
RGI2000-v7.0-G-07-00403,9,0,LE07_L1TP_214004_20000817_20200917_02_T1,2000-08-17,https://doi.org/10.1017/jog.2023.34,Osika,
RGI2000-v7.0-G-07-00404,9,0,LE07_L1TP_214004_20000817_20200917_02_T1,2000-08-17,https://doi.org/10.1017/jog.2023.34,Osika,
RGI2000-v7.0-G-07-00405,9,0,LE07_L1TP_214004_20000817_20200917_02_T1,2000-08-17,https://doi.org/10.1017/jog.2023.34,Osika,
RGI2000-v7.0-G-07-00406,9,0,LE07_L1TP_214004_20000817_20200917_02_T1,2000-08-17,https://doi.org/10.1017/jog.2023.34,Osika,
RGI2000-v7.0-G-07-00407,9,0,LE07_L1TP_214004_20000817_20200917_02_T1,2000-08-17,https://doi.org/10.1017/jog.2023.34,Osika,
RGI2000-v7.0-G-07-00408,9,0,LE07_L1TP_218003_19990710_20200918_02_T1,1999-07-10,https://doi.org/10.1017/jog.2023.34,Osika,
RGI2000-v7.0-G-07-00409,9,0,LE07_L1TP_218003_19990710_20200918_02_T1,1999-07-10,https://doi.org/10.1017/jog.2023.34,Osika,
RGI2000-v7.0-G-07-00410,9,0,LE07_L1TP_214004_20000817_20200917_02_T1,2000-08-17,https://doi.org/10.1017/jog.2023.34,Osika,
RGI2000-v7.0-G-07-00411,9,0,LE07_L1TP_214004_20000817_20200917_02_T1,2000-08-17,https://doi.org/10.1017/jog.2023.34,Osika,
RGI2000-v7.0-G-07-00412,9,0,LE07_L1TP_214004_20000817_20200917_02_T1,2000-08-17,https://doi.org/10.1017/jog.2023.34,Osika,
RGI2000-v7.0-G-07-00413,9,0,LE07_L1TP_218003_19990710_20200918_02_T1,1999-07-10,https://doi.org/10.1017/jog.2023.34,Osika,
RGI2000-v7.0-G-07-00414,9,0,LE07_L1TP_218003_19990710_20200918_02_T1,1999-07-10,https://doi.org/10.1017/jog.2023.34,Osika,
RGI2000-v7.0-G-07-00415,9,0,LE07_L1TP_218003_19990710_20200918_02_T1,1999-07-10,https://doi.org/10.1017/jog.2023.34,Osika,
RGI2000-v7.0-G-07-00416,9,0,LE07_L1TP_214004_20000817_20200917_02_T1,2000-08-17,https://doi.org/10.1017/jog.2023.34,Osika,
RGI2000-v7.0-G-07-00417,9,0,LE07_L1TP_214004_20000817_20200917_02_T1,2000-08-17,https://doi.org/10.1017/jog.2023.34,Osika,
RGI2000-v7.0-G-07-00418,9,0,LE07_L1TP_214004_20000817_20200917_02_T1,2000-08-17,https://doi.org/10.1017/jog.2023.34,Osika,
RGI2000-v7.0-G-07-00419,9,0,LE07_L1TP_218003_19990710_20200918_02_T1,1999-07-10,https://doi.org/10.1017/jog.2023.34,Osika,
RGI2000-v7.0-G-07-00420,9,0,LE07_L1TP_218003_19990710_20200918_02_T1,1999-07-10,https://doi.org/10.1017/jog.2023.34,Osika,I changed the term type from 2 to 9 (there is no lake)
RGI2000-v7.0-G-07-00421,9,0,LE07_L1TP_214004_20000817_20200917_02_T1,2000-08-17,https://doi.org/10.1017/jog.2023.34,Osika,
RGI2000-v7.0-G-07-00422,9,0,LE07_L1TP_214004_20000817_20200917_02_T1,2000-08-17,https://doi.org/10.1017/jog.2023.34,Osika,
RGI2000-v7.0-G-07-00423,9,0,LE07_L1TP_214004_20000817_20200917_02_T1,2000-08-17,https://doi.org/10.1017/jog.2023.34,Osika,
RGI2000-v7.0-G-07-00424,9,0,LE07_L1TP_214004_20000817_20200917_02_T1,2000-08-17,https://doi.org/10.1017/jog.2023.34,Osika,
RGI2000-v7.0-G-07-00425,9,0,LE07_L1TP_214004_20000817_20200917_02_T1,2000-08-17,https://doi.org/10.1017/jog.2023.34,Osika,
RGI2000-v7.0-G-07-00426,9,0,LE07_L1TP_214004_20000817_20200917_02_T1,2000-08-17,https://doi.org/10.1017/jog.2023.34,Osika,
RGI2000-v7.0-G-07-00427,9,0,LE07_L1TP_214004_20000817_20200917_02_T1,2000-08-17,https://doi.org/10.1017/jog.2023.34,Osika,
RGI2000-v7.0-G-07-00428,9,0,LE07_L1TP_214004_20000817_20200917_02_T1,2000-08-17,https://doi.org/10.1017/jog.2023.34,Osika,
RGI2000-v7.0-G-07-00429,9,0,LE07_L1TP_214004_20000817_20200917_02_T1,2000-08-17,https://doi.org/10.1017/jog.2023.34,Osika,
RGI2000-v7.0-G-07-00430,9,0,LE07_L1TP_214004_20000817_20200917_02_T1,2000-08-17,https://doi.org/10.1017/jog.2023.34,Osika,
RGI2000-v7.0-G-07-00431,9,0,LE07_L1TP_214004_20000817_20200917_02_T1,2000-08-17,https://doi.org/10.1017/jog.2023.34,Osika,
RGI2000-v7.0-G-07-00432,9,0,LE07_L1TP_214004_20000817_20200917_02_T1,2000-08-17,https://doi.org/10.1017/jog.2023.34,Osika,
RGI2000-v7.0-G-07-00433,9,0,LE07_L1TP_214004_20000817_20200917_02_T1,2000-08-17,https://doi.org/10.1017/jog.2023.34,Osika,
RGI2000-v7.0-G-07-00434,9,0,LE07_L1TP_214004_20000817_20200917_02_T1,2000-08-17,https://doi.org/10.1017/jog.2023.34,Osika,
RGI2000-v7.0-G-07-00435,9,0,LE07_L1TP_214004_20000817_20200917_02_T1,2000-08-17,https://doi.org/10.1017/jog.2023.34,Osika,
RGI2000-v7.0-G-07-00436,9,0,LE07_L1TP_214004_20000817_20200917_02_T1,2000-08-17,https://doi.org/10.1017/jog.2023.34,Osika,
RGI2000-v7.0-G-07-00437,9,0,LE07_L1TP_214004_20000817_20200917_02_T1,2000-08-17,https://doi.org/10.1017/jog.2023.34,Osika,
RGI2000-v7.0-G-07-00438,9,0,LE07_L1TP_214004_20000817_20200917_02_T1,2000-08-17,https://doi.org/10.1017/jog.2023.34,Osika,
RGI2000-v7.0-G-07-00439,9,0,LE07_L1TP_214004_20000817_20200917_02_T1,2000-08-17,https://doi.org/10.1017/jog.2023.34,Osika,
RGI2000-v7.0-G-07-00440,9,0,LE07_L1TP_214004_20000817_20200917_02_T1,2000-08-17,https://doi.org/10.1017/jog.2023.34,Osika,
RGI2000-v7.0-G-07-00441,9,0,LE07_L1TP_218003_19990710_20200918_02_T1,1999-07-10,https://doi.org/10.1017/jog.2023.34,Osika,
RGI2000-v7.0-G-07-00442,9,0,LE07_L1TP_218003_19990710_20200918_02_T1,1999-07-10,https://doi.org/10.1017/jog.2023.34,Osika,
RGI2000-v7.0-G-07-00443,9,0,LE07_L1TP_218003_19990710_20200918_02_T1,1999-07-10,https://doi.org/10.1017/jog.2023.34,Osika,
RGI2000-v7.0-G-07-00444,9,0,LE07_L1TP_214004_20000817_20200917_02_T1,2000-08-17,https://doi.org/10.1017/jog.2023.34,Osika,
RGI2000-v7.0-G-07-00445,9,0,LE07_L1TP_218003_19990710_20200918_02_T1,1999-07-10,https://doi.org/10.1017/jog.2023.34,Osika,
RGI2000-v7.0-G-07-00446,9,0,LE07_L1TP_214004_20000817_20200917_02_T1,2000-08-17,https://doi.org/10.1017/jog.2023.34,Osika,
RGI2000-v7.0-G-07-00447,9,0,LE07_L1TP_214004_20000817_20200917_02_T1,2000-08-17,https://doi.org/10.1017/jog.2023.34,Osika,
RGI2000-v7.0-G-07-00448,9,0,LE07_L1TP_214004_20000817_20200917_02_T1,2000-08-17,https://doi.org/10.1017/jog.2023.34,Osika,
RGI2000-v7.0-G-07-00449,9,0,LE07_L1TP_214004_20000817_20200917_02_T1,2000-08-17,https://doi.org/10.1017/jog.2023.34,Osika,
RGI2000-v7.0-G-07-00450,9,0,LE07_L1TP_214004_20000817_20200917_02_T1,2000-08-17,https://doi.org/10.1017/jog.2023.34,Osika,
RGI2000-v7.0-G-07-00451,9,0,LE07_L1TP_214004_20000817_20200917_02_T1,2000-08-17,https://doi.org/10.1017/jog.2023.34,Osika,
RGI2000-v7.0-G-07-00452,9,0,LE07_L1TP_214004_20000817_20200917_02_T1,2000-08-17,https://doi.org/10.1017/jog.2023.34,Osika,
RGI2000-v7.0-G-07-00453,9,0,LE07_L1TP_214004_20000817_20200917_02_T1,2000-08-17,https://doi.org/10.1017/jog.2023.34,Osika,
RGI2000-v7.0-G-07-00454,9,0,LE07_L1TP_214004_20000817_20200917_02_T1,2000-08-17,https://doi.org/10.1017/jog.2023.34,Osika,
RGI2000-v7.0-G-07-00455,9,0,LE07_L1TP_214004_20000817_20200917_02_T1,2000-08-17,https://doi.org/10.1017/jog.2023.34,Osika,
RGI2000-v7.0-G-07-00456,9,0,LE07_L1TP_214004_20000817_20200917_02_T1,2000-08-17,https://doi.org/10.1017/jog.2023.34,Osika,
RGI2000-v7.0-G-07-00457,9,0,LE07_L1TP_214004_20000817_20200917_02_T1,2000-08-17,https://doi.org/10.1017/jog.2023.34,Osika,
RGI2000-v7.0-G-07-00458,9,0,LE07_L1TP_214004_20000817_20200917_02_T1,2000-08-17,https://doi.org/10.1017/jog.2023.34,Osika,
RGI2000-v7.0-G-07-00459,9,0,LE07_L1TP_214004_20000817_20200917_02_T1,2000-08-17,https://doi.org/10.1017/jog.2023.34,Osika,
RGI2000-v7.0-G-07-00460,9,0,LE07_L1TP_214004_20000817_20200917_02_T1,2000-08-17,https://doi.org/10.1017/jog.2023.34,Osika,
RGI2000-v7.0-G-07-00461,9,0,LE07_L1TP_214004_20000817_20200917_02_T1,2000-08-17,https://doi.org/10.1017/jog.2023.34,Osika,
RGI2000-v7.0-G-07-00462,9,0,LE07_L1TP_214004_20000817_20200917_02_T1,2000-08-17,https://doi.org/10.1017/jog.2023.34,Osika,
RGI2000-v7.0-G-07-00463,9,0,LE07_L1TP_214004_20000817_20200917_02_T1,2000-08-17,https://doi.org/10.1017/jog.2023.34,Osika,
RGI2000-v7.0-G-07-00464,9,0,LE07_L1TP_214004_20000817_20200917_02_T1,2000-08-17,https://doi.org/10.1017/jog.2023.34,Osika,
RGI2000-v7.0-G-07-00465,9,0,LE07_L1TP_214004_20000817_20200917_02_T1,2000-08-17,https://doi.org/10.1017/jog.2023.34,Osika,
RGI2000-v7.0-G-07-00466,9,0,LE07_L1TP_214004_20000817_20200917_02_T1,2000-08-17,https://doi.org/10.1017/jog.2023.34,Osika,
RGI2000-v7.0-G-07-00467,9,0,LE07_L1TP_214004_20000817_20200917_02_T1,2000-08-17,https://doi.org/10.1017/jog.2023.34,Osika,
RGI2000-v7.0-G-07-00468,9,0,LE07_L1TP_214004_20000817_20200917_02_T1,2000-08-17,https://doi.org/10.1017/jog.2023.34,Osika,
RGI2000-v7.0-G-07-00469,9,0,LE07_L1TP_214004_20000817_20200917_02_T1,2000-08-17,https://doi.org/10.1017/jog.2023.34,Osika,
RGI2000-v7.0-G-07-00470,2,1,LE07_L1TP_214004_20000817_20200917_02_T1,2000-08-17,https://doi.org/10.1017/jog.2023.34,Osika,
RGI2000-v7.0-G-07-00471,9,0,LE07_L1TP_214004_20000817_20200917_02_T1,2000-08-17,https://doi.org/10.1017/jog.2023.34,Osika,
RGI2000-v7.0-G-07-00472,9,0,LE07_L1TP_214004_20000817_20200917_02_T1,2000-08-17,https://doi.org/10.1017/jog.2023.34,Osika,
RGI2000-v7.0-G-07-00473,9,0,LE07_L1TP_214004_20000817_20200917_02_T1,2000-08-17,https://doi.org/10.1017/jog.2023.34,Osika,
RGI2000-v7.0-G-07-00474,9,0,LE07_L1TP_214004_20000817_20200917_02_T1,2000-08-17,https://doi.org/10.1017/jog.2023.34,Osika,
RGI2000-v7.0-G-07-00475,1,0,LE07_L1TP_218003_19990710_20200918_02_T1,1999-07-10,https://doi.org/10.1017/jog.2023.34,Osika,
RGI2000-v7.0-G-07-00476,9,0,LE07_L1TP_214004_20000817_20200917_02_T1,2000-08-17,https://doi.org/10.1017/jog.2023.34,Osika,
RGI2000-v7.0-G-07-00477,9,0,LE07_L1TP_214004_20000817_20200917_02_T1,2000-08-17,https://doi.org/10.1017/jog.2023.34,Osika,
RGI2000-v7.0-G-07-00478,9,0,LE07_L1TP_214004_20000817_20200917_02_T1,2000-08-17,https://doi.org/10.1017/jog.2023.34,Osika,
RGI2000-v7.0-G-07-00479,9,0,LE07_L1TP_214004_20000817_20200917_02_T1,2000-08-17,https://doi.org/10.1017/jog.2023.34,Osika,
RGI2000-v7.0-G-07-00480,9,0,LE07_L1TP_214004_20000817_20200917_02_T1,2000-08-17,https://doi.org/10.1017/jog.2023.34,Osika,
RGI2000-v7.0-G-07-00481,9,0,LE07_L1TP_214004_20000817_20200917_02_T1,2000-08-17,https://doi.org/10.1017/jog.2023.34,Osika,
RGI2000-v7.0-G-07-00482,9,0,LE07_L1TP_214004_20000817_20200917_02_T1,2000-08-17,https://doi.org/10.1017/jog.2023.34,Osika,
RGI2000-v7.0-G-07-00483,9,0,LE07_L1TP_214004_20000817_20200917_02_T1,2000-08-17,https://doi.org/10.1017/jog.2023.34,Osika,
RGI2000-v7.0-G-07-00484,9,0,LE07_L1TP_214004_20000817_20200917_02_T1,2000-08-17,https://doi.org/10.1017/jog.2023.34,Osika,
RGI2000-v7.0-G-07-00485,9,0,LE07_L1TP_214004_20000817_20200917_02_T1,2000-08-17,https://doi.org/10.1017/jog.2023.34,Osika,
RGI2000-v7.0-G-07-00486,9,0,LE07_L1TP_214004_20000817_20200917_02_T1,2000-08-17,https://doi.org/10.1017/jog.2023.34,Osika,
RGI2000-v7.0-G-07-00487,9,0,LE07_L1TP_214004_20000817_20200917_02_T1,2000-08-17,https://doi.org/10.1017/jog.2023.34,Osika,
RGI2000-v7.0-G-07-00488,9,0,LE07_L1TP_214004_20000817_20200917_02_T1,2000-08-17,https://doi.org/10.1017/jog.2023.34,Osika,
RGI2000-v7.0-G-07-00489,9,0,LE07_L1TP_214004_20000817_20200917_02_T1,2000-08-17,https://doi.org/10.1017/jog.2023.34,Osika,
RGI2000-v7.0-G-07-00490,9,0,LE07_L1TP_214004_20000817_20200917_02_T1,2000-08-17,https://doi.org/10.1017/jog.2023.34,Osika,
RGI2000-v7.0-G-07-00491,9,0,LE07_L1TP_214004_20000817_20200917_02_T1,2000-08-17,https://doi.org/10.1017/jog.2023.34,Osika,
RGI2000-v7.0-G-07-00492,9,0,LE07_L1TP_214004_20000817_20200917_02_T1,2000-08-17,https://doi.org/10.1017/jog.2023.34,Osika,
RGI2000-v7.0-G-07-00493,9,0,LE07_L1TP_214004_20000817_20200917_02_T1,2000-08-17,https://doi.org/10.1017/jog.2023.34,Osika,
RGI2000-v7.0-G-07-00494,9,0,LE07_L1TP_214004_20000817_20200917_02_T1,2000-08-17,https://doi.org/10.1017/jog.2023.34,Osika,
RGI2000-v7.0-G-07-00495,9,0,LE07_L1TP_214004_20000817_20200917_02_T1,2000-08-17,https://doi.org/10.1017/jog.2023.34,Osika,
RGI2000-v7.0-G-07-00496,2,3,LE07_L1TP_218003_19990710_20200918_02_T1,1999-07-10,https://doi.org/10.1017/jog.2023.34,Osika,Possible contact with a lake
RGI2000-v7.0-G-07-00497,9,0,LE07_L1TP_214004_20000817_20200917_02_T1,2000-08-17,https://doi.org/10.1017/jog.2023.34,Osika,
RGI2000-v7.0-G-07-00498,2,3,LE07_L1TP_214004_20000817_20200917_02_T1,2000-08-17,https://doi.org/10.1017/jog.2023.34,Osika,Possible contact with a lake
RGI2000-v7.0-G-07-00499,2,1,LE07_L1TP_218003_19990710_20200918_02_T1,1999-07-10,https://doi.org/10.1017/jog.2023.34,Osika,also at LE07_L1TP_214004_20000817_20200917_02_T1
RGI2000-v7.0-G-07-00500,9,0,LE07_L1TP_214004_20000817_20200917_02_T1,2000-08-17,https://doi.org/10.1017/jog.2023.34,Osika,
RGI2000-v7.0-G-07-00501,9,0,LE07_L1TP_214004_20000817_20200917_02_T1,2000-08-17,https://doi.org/10.1017/jog.2023.34,Osika,
RGI2000-v7.0-G-07-00502,1,0,LE07_L1TP_214004_20000817_20200917_02_T1,2000-08-17,https://doi.org/10.1017/jog.2023.34,Osika,
RGI2000-v7.0-G-07-00503,9,0,LE07_L1TP_214004_20000817_20200917_02_T1,2000-08-17,https://doi.org/10.1017/jog.2023.34,Osika,
RGI2000-v7.0-G-07-00504,9,0,LE07_L1TP_214004_20000817_20200917_02_T1,2000-08-17,https://doi.org/10.1017/jog.2023.34,Osika,
RGI2000-v7.0-G-07-00505,9,0,LE07_L1TP_214004_20000817_20200917_02_T1,2000-08-17,https://doi.org/10.1017/jog.2023.34,Osika,
RGI2000-v7.0-G-07-00506,9,0,LE07_L1TP_214004_20000817_20200917_02_T1,2000-08-17,https://doi.org/10.1017/jog.2023.34,Osika,
RGI2000-v7.0-G-07-00507,9,0,LE07_L1TP_214004_20000817_20200917_02_T1,2000-08-17,https://doi.org/10.1017/jog.2023.34,Osika,
RGI2000-v7.0-G-07-00508,9,0,LE07_L1TP_214004_20000817_20200917_02_T1,2000-08-17,https://doi.org/10.1017/jog.2023.34,Osika,
RGI2000-v7.0-G-07-00509,9,0,LE07_L1TP_214004_20000817_20200917_02_T1,2000-08-17,https://doi.org/10.1017/jog.2023.34,Osika,
RGI2000-v7.0-G-07-00510,9,0,LE07_L1TP_214004_20000817_20200917_02_T1,2000-08-17,https://doi.org/10.1017/jog.2023.34,Osika,
RGI2000-v7.0-G-07-00511,9,0,LE07_L1TP_214004_20000817_20200917_02_T1,2000-08-17,https://doi.org/10.1017/jog.2023.34,Osika,
RGI2000-v7.0-G-07-00512,9,0,LE07_L1TP_214004_20000817_20200917_02_T1,2000-08-17,https://doi.org/10.1017/jog.2023.34,Osika,
RGI2000-v7.0-G-07-00513,9,0,LE07_L1TP_214004_20000817_20200917_02_T1,2000-08-17,https://doi.org/10.1017/jog.2023.34,Osika,
RGI2000-v7.0-G-07-00514,9,0,LE07_L1TP_214004_20000817_20200917_02_T1,2000-08-17,https://doi.org/10.1017/jog.2023.34,Osika,
RGI2000-v7.0-G-07-00515,9,0,LE07_L1TP_214004_20000817_20200917_02_T1,2000-08-17,https://doi.org/10.1017/jog.2023.34,Osika,
RGI2000-v7.0-G-07-00516,9,0,LE07_L1TP_214004_20000817_20200917_02_T1,2000-08-17,https://doi.org/10.1017/jog.2023.34,Osika,
RGI2000-v7.0-G-07-00517,9,0,LE07_L1TP_214004_20000817_20200917_02_T1,2000-08-17,https://doi.org/10.1017/jog.2023.34,Osika,
RGI2000-v7.0-G-07-00518,9,0,LE07_L1TP_214004_20000817_20200917_02_T1,2000-08-17,https://doi.org/10.1017/jog.2023.34,Osika,
RGI2000-v7.0-G-07-00519,9,0,LE07_L1TP_214004_20000817_20200917_02_T1,2000-08-17,https://doi.org/10.1017/jog.2023.34,Osika,
RGI2000-v7.0-G-07-00520,9,0,LE07_L1TP_214004_20000817_20200917_02_T1,2000-08-17,https://doi.org/10.1017/jog.2023.34,Osika,
RGI2000-v7.0-G-07-00521,9,0,LE07_L1TP_214004_20000817_20200917_02_T1,2000-08-17,https://doi.org/10.1017/jog.2023.34,Osika,
RGI2000-v7.0-G-07-00522,9,0,LE07_L1TP_214004_20000817_20200917_02_T1,2000-08-17,https://doi.org/10.1017/jog.2023.34,Osika,
RGI2000-v7.0-G-07-00523,9,0,LE07_L1TP_214004_20000817_20200917_02_T1,2000-08-17,https://doi.org/10.1017/jog.2023.34,Osika,
RGI2000-v7.0-G-07-00524,9,0,LE07_L1TP_214004_20000817_20200917_02_T1,2000-08-17,https://doi.org/10.1017/jog.2023.34,Osika,
RGI2000-v7.0-G-07-00525,9,0,LE07_L1TP_214004_20000817_20200917_02_T1,2000-08-17,https://doi.org/10.1017/jog.2023.34,Osika,
RGI2000-v7.0-G-07-00526,9,0,LE07_L1TP_214004_20000817_20200917_02_T1,2000-08-17,https://doi.org/10.1017/jog.2023.34,Osika,
RGI2000-v7.0-G-07-00527,9,0,LE07_L1TP_214004_20000817_20200917_02_T1,2000-08-17,https://doi.org/10.1017/jog.2023.34,Osika,
RGI2000-v7.0-G-07-00528,9,0,LE07_L1TP_214004_20000817_20200917_02_T1,2000-08-17,https://doi.org/10.1017/jog.2023.34,Osika,
RGI2000-v7.0-G-07-00529,9,0,LE07_L1TP_214004_20000817_20200917_02_T1,2000-08-17,https://doi.org/10.1017/jog.2023.34,Osika,
RGI2000-v7.0-G-07-00530,9,0,LE07_L1TP_214004_20000817_20200917_02_T1,2000-08-17,https://doi.org/10.1017/jog.2023.34,Osika,
RGI2000-v7.0-G-07-00531,9,0,LE07_L1TP_214004_20000817_20200917_02_T1,2000-08-17,https://doi.org/10.1017/jog.2023.34,Osika,
RGI2000-v7.0-G-07-00532,9,0,LE07_L1TP_214004_20000817_20200917_02_T1,2000-08-17,https://doi.org/10.1017/jog.2023.34,Osika,
RGI2000-v7.0-G-07-00533,9,0,LE07_L1TP_214004_20000817_20200917_02_T1,2000-08-17,https://doi.org/10.1017/jog.2023.34,Osika,
RGI2000-v7.0-G-07-00534,9,0,LE07_L1TP_214004_20000817_20200917_02_T1,2000-08-17,https://doi.org/10.1017/jog.2023.34,Osika,
RGI2000-v7.0-G-07-00535,9,0,LE07_L1TP_214004_20000817_20200917_02_T1,2000-08-17,https://doi.org/10.1017/jog.2023.34,Osika,
RGI2000-v7.0-G-07-00536,9,0,LE07_L1TP_214004_20000817_20200917_02_T1,2000-08-17,https://doi.org/10.1017/jog.2023.34,Osika,
RGI2000-v7.0-G-07-00537,9,0,LE07_L1TP_214004_20000817_20200917_02_T1,2000-08-17,https://doi.org/10.1017/jog.2023.34,Osika,
RGI2000-v7.0-G-07-00538,9,0,LE07_L1TP_214004_20000817_20200917_02_T1,2000-08-17,https://doi.org/10.1017/jog.2023.34,Osika,
RGI2000-v7.0-G-07-00539,9,0,LE07_L1TP_214004_20000817_20200917_02_T1,2000-08-17,https://doi.org/10.1017/jog.2023.34,Osika,
RGI2000-v7.0-G-07-00540,9,0,LE07_L1TP_214004_20000817_20200917_02_T1,2000-08-17,https://doi.org/10.1017/jog.2023.34,Osika,
RGI2000-v7.0-G-07-00541,9,0,LE07_L1TP_214004_20000817_20200917_02_T1,2000-08-17,https://doi.org/10.1017/jog.2023.34,Osika,
RGI2000-v7.0-G-07-00543,9,0,LE07_L1TP_214004_20000817_20200917_02_T1,2000-08-17,https://doi.org/10.1017/jog.2023.34,Osika,
RGI2000-v7.0-G-07-00544,9,0,LE07_L1TP_214004_20000817_20200917_02_T1,2000-08-17,https://doi.org/10.1017/jog.2023.34,Osika,
RGI2000-v7.0-G-07-00545,9,0,LE07_L1TP_214004_20000817_20200917_02_T1,2000-08-17,https://doi.org/10.1017/jog.2023.34,Osika,
RGI2000-v7.0-G-07-00546,9,0,LE07_L1TP_214004_20000817_20200917_02_T1,2000-08-17,https://doi.org/10.1017/jog.2023.34,Osika,A lake <0.01km2
RGI2000-v7.0-G-07-00547,9,0,LE07_L1TP_214004_20000817_20200917_02_T1,2000-08-17,https://doi.org/10.1017/jog.2023.34,Osika,
RGI2000-v7.0-G-07-00548,9,0,LE07_L1TP_214004_20000817_20200917_02_T1,2000-08-17,https://doi.org/10.1017/jog.2023.34,Osika,I changed the term type from 2 to 9 (no lake)
RGI2000-v7.0-G-07-00549,9,0,LE07_L1TP_214004_20000817_20200917_02_T1,2000-08-17,https://doi.org/10.1017/jog.2023.34,Osika,
RGI2000-v7.0-G-07-00550,9,0,LE07_L1TP_214004_20000817_20200917_02_T1,2000-08-17,https://doi.org/10.1017/jog.2023.34,Osika,
RGI2000-v7.0-G-07-00551,9,0,LE07_L1TP_214004_20000817_20200917_02_T1,2000-08-17,https://doi.org/10.1017/jog.2023.34,Osika,
RGI2000-v7.0-G-07-00552,9,0,LE07_L1TP_214004_20000817_20200917_02_T1,2000-08-17,https://doi.org/10.1017/jog.2023.34,Osika,
RGI2000-v7.0-G-07-00553,9,0,LE07_L1TP_214004_20000817_20200917_02_T1,2000-08-17,https://doi.org/10.1017/jog.2023.34,Osika,
RGI2000-v7.0-G-07-00554,9,0,LE07_L1TP_214004_20000817_20200917_02_T1,2000-08-17,https://doi.org/10.1017/jog.2023.34,Osika,
RGI2000-v7.0-G-07-00555,9,0,LE07_L1TP_214004_20000817_20200917_02_T1,2000-08-17,https://doi.org/10.1017/jog.2023.34,Osika,
RGI2000-v7.0-G-07-00556,9,0,LE07_L1TP_209005_19990727_20200918_02_T1,1999-07-27,https://doi.org/10.1017/jog.2023.34,Osika,
RGI2000-v7.0-G-07-00557,9,0,LE07_L1TP_209005_19990727_20200918_02_T1,1999-07-27,https://doi.org/10.1017/jog.2023.34,Osika,
RGI2000-v7.0-G-07-00558,9,0,LE07_L1TP_214004_20000817_20200917_02_T1,2000-08-17,https://doi.org/10.1017/jog.2023.34,Osika,
RGI2000-v7.0-G-07-00559,9,0,LE07_L1TP_209005_19990727_20200918_02_T1,1999-07-27,https://doi.org/10.1017/jog.2023.34,Osika,
RGI2000-v7.0-G-07-00560,9,0,LE07_L1TP_209005_19990727_20200918_02_T1,1999-07-27,https://doi.org/10.1017/jog.2023.34,Osika,
RGI2000-v7.0-G-07-00561,9,0,LE07_L1TP_214004_20000817_20200917_02_T1,2000-08-17,https://doi.org/10.1017/jog.2023.34,Osika,
RGI2000-v7.0-G-07-00562,9,0,LE07_L1TP_214004_20000817_20200917_02_T1,2000-08-17,https://doi.org/10.1017/jog.2023.34,Osika,
RGI2000-v7.0-G-07-00563,9,0,LE07_L1TP_214004_20000817_20200917_02_T1,2000-08-17,https://doi.org/10.1017/jog.2023.34,Osika,
RGI2000-v7.0-G-07-00564,9,0,LE07_L1TP_214004_20000817_20200917_02_T1,2000-08-17,https://doi.org/10.1017/jog.2023.34,Osika,
RGI2000-v7.0-G-07-00565,9,0,LE07_L1TP_214004_20000817_20200917_02_T1,2000-08-17,https://doi.org/10.1017/jog.2023.34,Osika,
RGI2000-v7.0-G-07-00566,9,0,LE07_L1TP_214004_20000817_20200917_02_T1,2000-08-17,https://doi.org/10.1017/jog.2023.34,Osika,
RGI2000-v7.0-G-07-00567,9,0,LE07_L1TP_214004_20000817_20200917_02_T1,2000-08-17,https://doi.org/10.1017/jog.2023.34,Osika,
RGI2000-v7.0-G-07-00568,9,0,LE07_L1TP_214004_20000817_20200917_02_T1,2000-08-17,https://doi.org/10.1017/jog.2023.34,Osika,
RGI2000-v7.0-G-07-00569,9,0,LE07_L1TP_214004_20000817_20200917_02_T1,2000-08-17,https://doi.org/10.1017/jog.2023.34,Osika,
RGI2000-v7.0-G-07-00570,9,0,LE07_L1TP_214004_20000817_20200917_02_T1,2000-08-17,https://doi.org/10.1017/jog.2023.34,Osika,
RGI2000-v7.0-G-07-00571,9,0,LE07_L1TP_214004_20000817_20200917_02_T1,2000-08-17,https://doi.org/10.1017/jog.2023.34,Osika,
RGI2000-v7.0-G-07-00572,9,0,LE07_L1TP_214004_20000817_20200917_02_T1,2000-08-17,https://doi.org/10.1017/jog.2023.34,Osika,
RGI2000-v7.0-G-07-00573,9,0,LE07_L1TP_214004_20000817_20200917_02_T1,2000-08-17,https://doi.org/10.1017/jog.2023.34,Osika,
RGI2000-v7.0-G-07-00574,9,0,LE07_L1TP_214004_20000817_20200917_02_T1,2000-08-17,https://doi.org/10.1017/jog.2023.34,Osika,
RGI2000-v7.0-G-07-00575,9,0,LE07_L1TP_214004_20000817_20200917_02_T1,2000-08-17,https://doi.org/10.1017/jog.2023.34,Osika,
RGI2000-v7.0-G-07-00576,9,0,LE07_L1TP_214004_20000817_20200917_02_T1,2000-08-17,https://doi.org/10.1017/jog.2023.34,Osika,
RGI2000-v7.0-G-07-00577,9,0,LE07_L1TP_214004_20000817_20200917_02_T1,2000-08-17,https://doi.org/10.1017/jog.2023.34,Osika,
RGI2000-v7.0-G-07-00578,9,0,LE07_L1TP_214004_20000817_20200917_02_T1,2000-08-17,https://doi.org/10.1017/jog.2023.34,Osika,
RGI2000-v7.0-G-07-00579,9,0,LE07_L1TP_214004_20000817_20200917_02_T1,2000-08-17,https://doi.org/10.1017/jog.2023.34,Osika,I changed the term type from 2 to 9 (no lake)
RGI2000-v7.0-G-07-00580,9,0,LE07_L1TP_214004_20000817_20200917_02_T1,2000-08-17,https://doi.org/10.1017/jog.2023.34,Osika,
RGI2000-v7.0-G-07-00581,9,0,LE07_L1TP_214004_20000817_20200917_02_T1,2000-08-17,https://doi.org/10.1017/jog.2023.34,Osika,
RGI2000-v7.0-G-07-00582,9,0,LE07_L1TP_214004_20000817_20200917_02_T1,2000-08-17,https://doi.org/10.1017/jog.2023.34,Osika,
RGI2000-v7.0-G-07-00583,9,0,LE07_L1TP_214004_20000817_20200917_02_T1,2000-08-17,https://doi.org/10.1017/jog.2023.34,Osika,
RGI2000-v7.0-G-07-00584,9,0,LE07_L1TP_214004_20000817_20200917_02_T1,2000-08-17,https://doi.org/10.1017/jog.2023.34,Osika,
RGI2000-v7.0-G-07-00585,9,0,LE07_L1TP_214004_20000817_20200917_02_T1,2000-08-17,https://doi.org/10.1017/jog.2023.34,Osika,
RGI2000-v7.0-G-07-00586,9,0,LE07_L1TP_214004_20000817_20200917_02_T1,2000-08-17,https://doi.org/10.1017/jog.2023.34,Osika,
RGI2000-v7.0-G-07-00587,9,0,LE07_L1TP_214004_20000817_20200917_02_T1,2000-08-17,https://doi.org/10.1017/jog.2023.34,Osika,
RGI2000-v7.0-G-07-00588,9,0,LE07_L1TP_214004_20000817_20200917_02_T1,2000-08-17,https://doi.org/10.1017/jog.2023.34,Osika,
RGI2000-v7.0-G-07-00589,9,0,LE07_L1TP_214004_20000817_20200917_02_T1,2000-08-17,https://doi.org/10.1017/jog.2023.34,Osika,
RGI2000-v7.0-G-07-00590,9,0,LE07_L1TP_214004_20000817_20200917_02_T1,2000-08-17,https://doi.org/10.1017/jog.2023.34,Osika,
RGI2000-v7.0-G-07-00591,9,0,LE07_L1TP_214004_20000817_20200917_02_T1,2000-08-17,https://doi.org/10.1017/jog.2023.34,Osika,
RGI2000-v7.0-G-07-00592,2,1,LE07_L1TP_214004_20000817_20200917_02_T1,2000-08-17,https://doi.org/10.1017/jog.2023.34,Osika,
RGI2000-v7.0-G-07-00593,9,0,LE07_L1TP_214004_20000817_20200917_02_T1,2000-08-17,https://doi.org/10.1017/jog.2023.34,Osika,
RGI2000-v7.0-G-07-00594,9,0,LE07_L1TP_214004_20000817_20200917_02_T1,2000-08-17,https://doi.org/10.1017/jog.2023.34,Osika,
RGI2000-v7.0-G-07-00596,9,0,LE07_L1TP_214004_20000817_20200917_02_T1,2000-08-17,https://doi.org/10.1017/jog.2023.34,Osika,
RGI2000-v7.0-G-07-00597,9,0,LE07_L1TP_214004_20000817_20200917_02_T1,2000-08-17,https://doi.org/10.1017/jog.2023.34,Osika,
RGI2000-v7.0-G-07-00600,9,0,LE07_L1TP_214004_20000817_20200917_02_T1,2000-08-17,https://doi.org/10.1017/jog.2023.34,Osika,
RGI2000-v7.0-G-07-00601,9,0,LE07_L1TP_214004_20000817_20200917_02_T1,2000-08-17,https://doi.org/10.1017/jog.2023.34,Osika,
RGI2000-v7.0-G-07-00602,9,0,LE07_L1TP_214004_20000817_20200917_02_T1,2000-08-17,https://doi.org/10.1017/jog.2023.34,Osika,
RGI2000-v7.0-G-07-00603,9,0,LE07_L1TP_214004_20000817_20200917_02_T1,2000-08-17,https://doi.org/10.1017/jog.2023.34,Osika,
RGI2000-v7.0-G-07-00604,9,0,LE07_L1TP_214004_20000817_20200917_02_T1,2000-08-17,https://doi.org/10.1017/jog.2023.34,Osika,
RGI2000-v7.0-G-07-00605,9,0,LE07_L1TP_214004_20000817_20200917_02_T1,2000-08-17,https://doi.org/10.1017/jog.2023.34,Osika,
RGI2000-v7.0-G-07-00606,9,0,LE07_L1TP_214004_20000817_20200917_02_T1,2000-08-17,https://doi.org/10.1017/jog.2023.34,Osika,
RGI2000-v7.0-G-07-00607,9,0,LE07_L1TP_214004_20000817_20200917_02_T1,2000-08-17,https://doi.org/10.1017/jog.2023.34,Osika,
RGI2000-v7.0-G-07-00608,9,0,LE07_L1TP_214004_20000817_20200917_02_T1,2000-08-17,https://doi.org/10.1017/jog.2023.34,Osika,
RGI2000-v7.0-G-07-00609,9,0,LE07_L1TP_214004_20000817_20200917_02_T1,2000-08-17,https://doi.org/10.1017/jog.2023.34,Osika,
RGI2000-v7.0-G-07-00610,9,0,LE07_L1TP_214004_20000817_20200917_02_T1,2000-08-17,https://doi.org/10.1017/jog.2023.34,Osika,
RGI2000-v7.0-G-07-00611,9,0,LE07_L1TP_214004_20000817_20200917_02_T1,2000-08-17,https://doi.org/10.1017/jog.2023.34,Osika,
RGI2000-v7.0-G-07-00612,9,0,LE07_L1TP_214004_20000817_20200917_02_T1,2000-08-17,https://doi.org/10.1017/jog.2023.34,Osika,
RGI2000-v7.0-G-07-00613,9,0,LE07_L1TP_214004_20000817_20200917_02_T1,2000-08-17,https://doi.org/10.1017/jog.2023.34,Osika,
RGI2000-v7.0-G-07-00615,9,0,LE07_L1TP_214004_20000817_20200917_02_T1,2000-08-17,https://doi.org/10.1017/jog.2023.34,Osika,
RGI2000-v7.0-G-07-00616,9,0,LE07_L1TP_214004_20000817_20200917_02_T1,2000-08-17,https://doi.org/10.1017/jog.2023.34,Osika,
RGI2000-v7.0-G-07-00617,9,0,LE07_L1TP_214004_20000817_20200917_02_T1,2000-08-17,https://doi.org/10.1017/jog.2023.34,Osika,
RGI2000-v7.0-G-07-00618,9,0,LE07_L1TP_214004_20000817_20200917_02_T1,2000-08-17,https://doi.org/10.1017/jog.2023.34,Osika,
RGI2000-v7.0-G-07-00619,9,0,LE07_L1TP_214004_20000817_20200917_02_T1,2000-08-17,https://doi.org/10.1017/jog.2023.34,Osika,
RGI2000-v7.0-G-07-00620,9,0,LE07_L1TP_214004_20000817_20200917_02_T1,2000-08-17,https://doi.org/10.1017/jog.2023.34,Osika,
RGI2000-v7.0-G-07-00621,9,0,LE07_L1TP_214004_20000817_20200917_02_T1,2000-08-17,https://doi.org/10.1017/jog.2023.34,Osika,
RGI2000-v7.0-G-07-00622,9,0,LE07_L1TP_214004_20000817_20200917_02_T1,2000-08-17,https://doi.org/10.1017/jog.2023.34,Osika,
RGI2000-v7.0-G-07-00623,9,0,LE07_L1TP_214004_20000817_20200917_02_T1,2000-08-17,https://doi.org/10.1017/jog.2023.34,Osika,
RGI2000-v7.0-G-07-00624,9,0,LE07_L1TP_214004_20000817_20200917_02_T1,2000-08-17,https://doi.org/10.1017/jog.2023.34,Osika,
RGI2000-v7.0-G-07-00625,9,0,LE07_L1TP_214004_20000817_20200917_02_T1,2000-08-17,https://doi.org/10.1017/jog.2023.34,Osika,
RGI2000-v7.0-G-07-00626,9,0,LE07_L1TP_214004_20000817_20200917_02_T1,2000-08-17,https://doi.org/10.1017/jog.2023.34,Osika,
RGI2000-v7.0-G-07-00627,9,0,LE07_L1TP_214004_20000817_20200917_02_T1,2000-08-17,https://doi.org/10.1017/jog.2023.34,Osika,
RGI2000-v7.0-G-07-00628,9,0,LE07_L1TP_214004_20000817_20200917_02_T1,2000-08-17,https://doi.org/10.1017/jog.2023.34,Osika,
RGI2000-v7.0-G-07-00629,9,0,LE07_L1TP_214004_20000817_20200917_02_T1,2000-08-17,https://doi.org/10.1017/jog.2023.34,Osika,
RGI2000-v7.0-G-07-00630,9,0,LE07_L1TP_214004_20000817_20200917_02_T1,2000-08-17,https://doi.org/10.1017/jog.2023.34,Osika,
RGI2000-v7.0-G-07-00631,9,0,LE07_L1TP_214004_20000817_20200917_02_T1,2000-08-17,https://doi.org/10.1017/jog.2023.34,Osika,
RGI2000-v7.0-G-07-00632,9,0,LE07_L1TP_214004_20000817_20200917_02_T1,2000-08-17,https://doi.org/10.1017/jog.2023.34,Osika,
RGI2000-v7.0-G-07-00633,9,0,LE07_L1TP_214004_20000817_20200917_02_T1,2000-08-17,https://doi.org/10.1017/jog.2023.34,Osika,
RGI2000-v7.0-G-07-00634,9,0,LE07_L1TP_214004_20000817_20200917_02_T1,2000-08-17,https://doi.org/10.1017/jog.2023.34,Osika,
RGI2000-v7.0-G-07-00635,9,0,LE07_L1TP_214004_20000817_20200917_02_T1,2000-08-17,https://doi.org/10.1017/jog.2023.34,Osika,
RGI2000-v7.0-G-07-00636,9,0,LE07_L1TP_214004_20000817_20200917_02_T1,2000-08-17,https://doi.org/10.1017/jog.2023.34,Osika,
RGI2000-v7.0-G-07-00637,9,0,LE07_L1TP_214004_20000817_20200917_02_T1,2000-08-17,https://doi.org/10.1017/jog.2023.34,Osika,
RGI2000-v7.0-G-07-00638,9,0,LE07_L1TP_214004_20000817_20200917_02_T1,2000-08-17,https://doi.org/10.1017/jog.2023.34,Osika,
RGI2000-v7.0-G-07-00639,9,0,LE07_L1TP_214004_20000817_20200917_02_T1,2000-08-17,https://doi.org/10.1017/jog.2023.34,Osika,
RGI2000-v7.0-G-07-00640,9,0,LE07_L1TP_214004_20000817_20200917_02_T1,2000-08-17,https://doi.org/10.1017/jog.2023.34,Osika,
RGI2000-v7.0-G-07-00641,9,0,LE07_L1TP_214004_20000817_20200917_02_T1,2000-08-17,https://doi.org/10.1017/jog.2023.34,Osika,
RGI2000-v7.0-G-07-00642,9,0,LE07_L1TP_214004_20000817_20200917_02_T1,2000-08-17,https://doi.org/10.1017/jog.2023.34,Osika,
RGI2000-v7.0-G-07-00643,9,0,LE07_L1TP_214004_20000817_20200917_02_T1,2000-08-17,https://doi.org/10.1017/jog.2023.34,Osika,
RGI2000-v7.0-G-07-00644,9,0,LE07_L1TP_214004_20000817_20200917_02_T1,2000-08-17,https://doi.org/10.1017/jog.2023.34,Osika,
RGI2000-v7.0-G-07-00645,2,3,LE07_L1TP_214004_20000817_20200917_02_T1,2000-08-17,https://doi.org/10.1017/jog.2023.34,Osika,
RGI2000-v7.0-G-07-00646,9,0,LE07_L1TP_214004_20000817_20200917_02_T1,2000-08-17,https://doi.org/10.1017/jog.2023.34,Osika,
RGI2000-v7.0-G-07-00647,9,0,LE07_L1TP_214004_20000817_20200917_02_T1,2000-08-17,https://doi.org/10.1017/jog.2023.34,Osika,
RGI2000-v7.0-G-07-00648,9,0,LE07_L1TP_214004_20000817_20200917_02_T1,2000-08-17,https://doi.org/10.1017/jog.2023.34,Osika,
RGI2000-v7.0-G-07-00649,9,0,LE07_L1TP_214004_20000817_20200917_02_T1,2000-08-17,https://doi.org/10.1017/jog.2023.34,Osika,
RGI2000-v7.0-G-07-00650,9,0,LE07_L1TP_214004_20000817_20200917_02_T1,2000-08-17,https://doi.org/10.1017/jog.2023.34,Osika,
RGI2000-v7.0-G-07-00651,1,2,LE07_L1TP_214004_20000817_20200917_02_T1,2000-08-17,https://doi.org/10.1017/jog.2023.34,Osika,Lakes at the glacier margins (Kamvatnet and smaller)
RGI2000-v7.0-G-07-00652,9,0,LE07_L1TP_214004_20000817_20200917_02_T1,2000-08-17,https://doi.org/10.1017/jog.2023.34,Osika,
RGI2000-v7.0-G-07-00653,9,0,LE07_L1TP_214004_20000817_20200917_02_T1,2000-08-17,https://doi.org/10.1017/jog.2023.34,Osika,
RGI2000-v7.0-G-07-00654,9,0,LE07_L1TP_214004_20000817_20200917_02_T1,2000-08-17,https://doi.org/10.1017/jog.2023.34,Osika,
RGI2000-v7.0-G-07-00655,9,0,LE07_L1TP_214004_20000817_20200917_02_T1,2000-08-17,https://doi.org/10.1017/jog.2023.34,Osika,
RGI2000-v7.0-G-07-00656,9,0,LE07_L1TP_214004_20000817_20200917_02_T1,2000-08-17,https://doi.org/10.1017/jog.2023.34,Osika,
RGI2000-v7.0-G-07-00657,9,0,LE07_L1TP_214004_20000817_20200917_02_T1,2000-08-17,https://doi.org/10.1017/jog.2023.34,Osika,Tiny lake <0.01 km2
RGI2000-v7.0-G-07-00658,9,0,LE07_L1TP_214004_20000817_20200917_02_T1,2000-08-17,https://doi.org/10.1017/jog.2023.34,Osika,
RGI2000-v7.0-G-07-00659,9,0,LE07_L1TP_214004_20000817_20200917_02_T1,2000-08-17,https://doi.org/10.1017/jog.2023.34,Osika,
RGI2000-v7.0-G-07-00660,9,0,LE07_L1TP_214004_20000817_20200917_02_T1,2000-08-17,https://doi.org/10.1017/jog.2023.34,Osika,
RGI2000-v7.0-G-07-00661,9,0,LE07_L1TP_214004_20000817_20200917_02_T1,2000-08-17,https://doi.org/10.1017/jog.2023.34,Osika,
RGI2000-v7.0-G-07-00662,9,0,LE07_L1TP_214004_20000817_20200917_02_T1,2000-08-17,https://doi.org/10.1017/jog.2023.34,Osika,
RGI2000-v7.0-G-07-00663,9,0,LE07_L1TP_214004_20000817_20200917_02_T1,2000-08-17,https://doi.org/10.1017/jog.2023.34,Osika,
RGI2000-v7.0-G-07-00664,9,0,LE07_L1TP_214004_20000817_20200917_02_T1,2000-08-17,https://doi.org/10.1017/jog.2023.34,Osika,
RGI2000-v7.0-G-07-00665,9,0,LE07_L1TP_214004_20000817_20200917_02_T1,2000-08-17,https://doi.org/10.1017/jog.2023.34,Osika,
RGI2000-v7.0-G-07-00666,9,0,LE07_L1TP_214004_20000817_20200917_02_T1,2000-08-17,https://doi.org/10.1017/jog.2023.34,Osika,
RGI2000-v7.0-G-07-00667,9,0,LE07_L1TP_214004_20000817_20200917_02_T1,2000-08-17,https://doi.org/10.1017/jog.2023.34,Osika,
RGI2000-v7.0-G-07-00668,9,0,LE07_L1TP_214004_20000817_20200917_02_T1,2000-08-17,https://doi.org/10.1017/jog.2023.34,Osika,
RGI2000-v7.0-G-07-00669,9,0,LE07_L1TP_214004_20000817_20200917_02_T1,2000-08-17,https://doi.org/10.1017/jog.2023.34,Osika,
RGI2000-v7.0-G-07-00670,9,0,LE07_L1TP_214004_20000817_20200917_02_T1,2000-08-17,https://doi.org/10.1017/jog.2023.34,Osika,
RGI2000-v7.0-G-07-00671,9,0,LE07_L1TP_214004_20000817_20200917_02_T1,2000-08-17,https://doi.org/10.1017/jog.2023.34,Osika,
RGI2000-v7.0-G-07-00672,9,0,LE07_L1TP_214004_20000817_20200917_02_T1,2000-08-17,https://doi.org/10.1017/jog.2023.34,Osika,
RGI2000-v7.0-G-07-00673,9,0,LE07_L1TP_214004_20000817_20200917_02_T1,2000-08-17,https://doi.org/10.1017/jog.2023.34,Osika,
RGI2000-v7.0-G-07-00674,9,0,LE07_L1TP_214004_20000817_20200917_02_T1,2000-08-17,https://doi.org/10.1017/jog.2023.34,Osika,
RGI2000-v7.0-G-07-00675,9,0,LE07_L1TP_214004_20000817_20200917_02_T1,2000-08-17,https://doi.org/10.1017/jog.2023.34,Osika,
RGI2000-v7.0-G-07-00676,9,0,LE07_L1TP_214004_20000817_20200917_02_T1,2000-08-17,https://doi.org/10.1017/jog.2023.34,Osika,
RGI2000-v7.0-G-07-00677,9,0,LE07_L1TP_214004_20000817_20200917_02_T1,2000-08-17,https://doi.org/10.1017/jog.2023.34,Osika,
RGI2000-v7.0-G-07-00678,9,0,LE07_L1TP_214004_20000817_20200917_02_T1,2000-08-17,https://doi.org/10.1017/jog.2023.34,Osika,
RGI2000-v7.0-G-07-00679,9,0,LE07_L1TP_214004_20000817_20200917_02_T1,2000-08-17,https://doi.org/10.1017/jog.2023.34,Osika,
RGI2000-v7.0-G-07-00680,9,0,LE07_L1TP_214004_20000817_20200917_02_T1,2000-08-17,https://doi.org/10.1017/jog.2023.34,Osika,
RGI2000-v7.0-G-07-00681,9,0,LE07_L1TP_214004_20000817_20200917_02_T1,2000-08-17,https://doi.org/10.1017/jog.2023.34,Osika,
RGI2000-v7.0-G-07-00682,9,0,LE07_L1TP_214004_20000817_20200917_02_T1,2000-08-17,https://doi.org/10.1017/jog.2023.34,Osika,
RGI2000-v7.0-G-07-00683,9,0,LE07_L1TP_214004_20000817_20200917_02_T1,2000-08-17,https://doi.org/10.1017/jog.2023.34,Osika,
RGI2000-v7.0-G-07-00684,9,0,LE07_L1TP_214004_20000817_20200917_02_T1,2000-08-17,https://doi.org/10.1017/jog.2023.34,Osika,
RGI2000-v7.0-G-07-00685,9,0,LE07_L1TP_214004_20000817_20200917_02_T1,2000-08-17,https://doi.org/10.1017/jog.2023.34,Osika,
RGI2000-v7.0-G-07-00686,9,0,LE07_L1TP_214004_20000817_20200917_02_T1,2000-08-17,https://doi.org/10.1017/jog.2023.34,Osika,
RGI2000-v7.0-G-07-00687,9,0,LE07_L1TP_214004_20000817_20200917_02_T1,2000-08-17,https://doi.org/10.1017/jog.2023.34,Osika,
RGI2000-v7.0-G-07-00688,9,0,LE07_L1TP_214004_20000817_20200917_02_T1,2000-08-17,https://doi.org/10.1017/jog.2023.34,Osika,
RGI2000-v7.0-G-07-00689,2,2,LE07_L1TP_214004_20000817_20200917_02_T1,2000-08-17,https://doi.org/10.1017/jog.2023.34,Osika,
RGI2000-v7.0-G-07-00690,2,2,LE07_L1TP_214004_20000817_20200917_02_T1,2000-08-17,https://doi.org/10.1017/jog.2023.34,Osika,
RGI2000-v7.0-G-07-00691,9,0,LE07_L1TP_214004_20000817_20200917_02_T1,2000-08-17,https://doi.org/10.1017/jog.2023.34,Osika,
RGI2000-v7.0-G-07-00692,9,0,LE07_L1TP_214004_20000817_20200917_02_T1,2000-08-17,https://doi.org/10.1017/jog.2023.34,Osika,
RGI2000-v7.0-G-07-00693,9,0,LE07_L1TP_214004_20000817_20200917_02_T1,2000-08-17,https://doi.org/10.1017/jog.2023.34,Osika,
RGI2000-v7.0-G-07-00694,9,0,LE07_L1TP_214004_20000817_20200917_02_T1,2000-08-17,https://doi.org/10.1017/jog.2023.34,Osika,
RGI2000-v7.0-G-07-00695,9,0,LE07_L1TP_214004_20000817_20200917_02_T1,2000-08-17,https://doi.org/10.1017/jog.2023.34,Osika,
RGI2000-v7.0-G-07-00696,9,0,LE07_L1TP_214004_20000817_20200917_02_T1,2000-08-17,https://doi.org/10.1017/jog.2023.34,Osika,
RGI2000-v7.0-G-07-00697,9,0,LE07_L1TP_214004_20000817_20200917_02_T1,2000-08-17,https://doi.org/10.1017/jog.2023.34,Osika,
RGI2000-v7.0-G-07-00835,2,1,LE07_L2SP_212005_19990801_20200918_02_T2,1999-08-01,https://doi.org/10.1017/jog.2023.34,Osika,
RGI2000-v7.0-G-07-00979,2,3,LE07_L1TP_210004_19990920_20200918_02_T1,1999-09-20,https://doi.org/10.1017/jog.2023.34,Osika,
RGI2000-v7.0-G-07-00980,9,0,LE07_L1TP_209004_19990727_20200918_02_T1,1999-07-27,https://doi.org/10.1017/jog.2023.34,Osika,
RGI2000-v7.0-G-07-00981,9,0,LE07_L1TP_210004_19990920_20200918_02_T1,1999-09-20,https://doi.org/10.1017/jog.2023.34,Osika,
RGI2000-v7.0-G-07-00982,9,0,LE07_L1TP_209004_19990727_20200918_02_T1,1999-07-27,https://doi.org/10.1017/jog.2023.34,Osika,
RGI2000-v7.0-G-07-00983,9,0,LE07_L1TP_209004_19990727_20200918_02_T1,1999-07-27,https://doi.org/10.1017/jog.2023.34,Osika,
RGI2000-v7.0-G-07-00984,9,0,LE07_L1TP_209004_19990727_20200918_02_T1,1999-07-27,https://doi.org/10.1017/jog.2023.34,Osika,
RGI2000-v7.0-G-07-00985,9,0,LE07_L1TP_210004_19990920_20200918_02_T1,1999-09-20,https://doi.org/10.1017/jog.2023.34,Osika,
RGI2000-v7.0-G-07-00986,9,0,LE07_L1TP_210004_19990920_20200918_02_T1,1999-09-20,https://doi.org/10.1017/jog.2023.34,Osika,
RGI2000-v7.0-G-07-00987,9,0,LE07_L1TP_210004_19990920_20200918_02_T1,1999-09-20,https://doi.org/10.1017/jog.2023.34,Osika,
RGI2000-v7.0-G-07-00990,9,0,LE07_L1TP_210004_19990920_20200918_02_T1,1999-09-20,https://doi.org/10.1017/jog.2023.34,Osika,
RGI2000-v7.0-G-07-00991,9,0,LE07_L1TP_210004_19990920_20200918_02_T1,1999-09-20,https://doi.org/10.1017/jog.2023.34,Osika,
RGI2000-v7.0-G-07-00992,9,0,LE07_L1TP_210004_19990920_20200918_02_T1,1999-09-20,https://doi.org/10.1017/jog.2023.34,Osika,
RGI2000-v7.0-G-07-00993,9,0,LE07_L1TP_209004_19990727_20200918_02_T1,1999-07-27,https://doi.org/10.1017/jog.2023.34,Osika,
RGI2000-v7.0-G-07-00994,9,0,LE07_L1TP_210004_19990920_20200918_02_T1,1999-09-20,https://doi.org/10.1017/jog.2023.34,Osika,
RGI2000-v7.0-G-07-00995,9,0,LE07_L1TP_214004_20000817_20200917_02_T1,2000-08-17,https://doi.org/10.1017/jog.2023.34,Osika,
RGI2000-v7.0-G-07-00996,9,0,LE07_L1TP_210004_19990920_20200918_02_T1,1999-09-20,https://doi.org/10.1017/jog.2023.34,Osika,
RGI2000-v7.0-G-07-00997,9,0,LE07_L1TP_209004_19990727_20200918_02_T1,1999-07-27,https://doi.org/10.1017/jog.2023.34,Osika,
RGI2000-v7.0-G-07-00998,9,0,LE07_L1TP_209004_19990727_20200918_02_T1,1999-07-27,https://doi.org/10.1017/jog.2023.34,Osika,
RGI2000-v7.0-G-07-00999,9,0,LE07_L1TP_209004_19990727_20200918_02_T1,1999-07-27,https://doi.org/10.1017/jog.2023.34,Osika,
RGI2000-v7.0-G-07-01000,9,0,LE07_L1TP_209004_19990727_20200918_02_T1,1999-07-27,https://doi.org/10.1017/jog.2023.34,Osika,
RGI2000-v7.0-G-07-01001,9,0,LE07_L1TP_209004_19990727_20200918_02_T1,1999-07-27,https://doi.org/10.1017/jog.2023.34,Osika,
RGI2000-v7.0-G-07-01002,9,0,LE07_L1TP_209004_19990727_20200918_02_T1,1999-07-27,https://doi.org/10.1017/jog.2023.34,Osika,
RGI2000-v7.0-G-07-01003,9,0,LE07_L1TP_209004_19990727_20200918_02_T1,1999-07-27,https://doi.org/10.1017/jog.2023.34,Osika,
RGI2000-v7.0-G-07-01004,9,0,LE07_L1TP_209004_19990727_20200918_02_T1,1999-07-27,https://doi.org/10.1017/jog.2023.34,Osika,
RGI2000-v7.0-G-07-01005,9,0,LE07_L1TP_209004_19990727_20200918_02_T1,1999-07-27,https://doi.org/10.1017/jog.2023.34,Osika,
RGI2000-v7.0-G-07-01006,9,0,LE07_L1TP_209004_19990727_20200918_02_T1,1999-07-27,https://doi.org/10.1017/jog.2023.34,Osika,
RGI2000-v7.0-G-07-01007,9,0,LE07_L1TP_209004_19990727_20200918_02_T1,1999-07-27,https://doi.org/10.1017/jog.2023.34,Osika,
RGI2000-v7.0-G-07-01008,9,0,LE07_L1TP_214004_20000817_20200917_02_T1,2000-08-17,https://doi.org/10.1017/jog.2023.34,Osika,
RGI2000-v7.0-G-07-01009,9,0,LE07_L1TP_214004_20000817_20200917_02_T1,2000-08-17,https://doi.org/10.1017/jog.2023.34,Osika,
RGI2000-v7.0-G-07-01010,9,0,LE07_L1TP_214004_20000817_20200917_02_T1,2000-08-17,https://doi.org/10.1017/jog.2023.34,Osika,
RGI2000-v7.0-G-07-01011,9,0,LE07_L1TP_214004_20000817_20200917_02_T1,2000-08-17,https://doi.org/10.1017/jog.2023.34,Osika,
RGI2000-v7.0-G-07-01012,9,0,LE07_L1TP_210004_19990920_20200918_02_T1,1999-09-20,https://doi.org/10.1017/jog.2023.34,Osika,
RGI2000-v7.0-G-07-01013,9,0,LE07_L1TP_209004_19990727_20200918_02_T1,1999-07-27,https://doi.org/10.1017/jog.2023.34,Osika,
RGI2000-v7.0-G-07-01014,9,0,LE07_L1TP_209004_19990727_20200918_02_T1,1999-07-27,https://doi.org/10.1017/jog.2023.34,Osika,
RGI2000-v7.0-G-07-01017,9,0,LE07_L1TP_210004_19990920_20200918_02_T1,1999-09-20,https://doi.org/10.1017/jog.2023.34,Osika,
RGI2000-v7.0-G-07-01018,9,0,LE07_L1TP_210004_19990920_20200918_02_T1,1999-09-20,https://doi.org/10.1017/jog.2023.34,Osika,
RGI2000-v7.0-G-07-01019,9,0,LE07_L1TP_210004_19990920_20200918_02_T1,1999-09-20,https://doi.org/10.1017/jog.2023.34,Osika,
RGI2000-v7.0-G-07-01021,9,0,LE07_L1TP_210004_19990920_20200918_02_T1,1999-09-20,https://doi.org/10.1017/jog.2023.34,Osika,
RGI2000-v7.0-G-07-01022,9,0,LE07_L1TP_210004_19990920_20200918_02_T1,1999-09-20,https://doi.org/10.1017/jog.2023.34,Osika,
RGI2000-v7.0-G-07-01025,9,0,LE07_L1TP_214004_20000817_20200917_02_T1,2000-08-17,https://doi.org/10.1017/jog.2023.34,Osika,
RGI2000-v7.0-G-07-01026,9,0,LE07_L1TP_214004_20000817_20200917_02_T1,2000-08-17,https://doi.org/10.1017/jog.2023.34,Osika,
RGI2000-v7.0-G-07-01029,9,0,LE07_L1TP_214004_20000817_20200917_02_T1,2000-08-17,https://doi.org/10.1017/jog.2023.34,Osika,
RGI2000-v7.0-G-07-01030,9,0,LE07_L1TP_214004_20000817_20200917_02_T1,2000-08-17,https://doi.org/10.1017/jog.2023.34,Osika,
RGI2000-v7.0-G-07-01031,9,0,LE07_L1TP_214004_20000817_20200917_02_T1,2000-08-17,https://doi.org/10.1017/jog.2023.34,Osika,
RGI2000-v7.0-G-07-01032,9,0,LE07_L1TP_214004_20000817_20200917_02_T1,2000-08-17,https://doi.org/10.1017/jog.2023.34,Osika,
RGI2000-v7.0-G-07-01033,9,0,LE07_L1TP_214004_20000817_20200917_02_T1,2000-08-17,https://doi.org/10.1017/jog.2023.34,Osika,
RGI2000-v7.0-G-07-01034,9,0,LE07_L1TP_214004_20000817_20200917_02_T1,2000-08-17,https://doi.org/10.1017/jog.2023.34,Osika,
RGI2000-v7.0-G-07-01035,9,0,LE07_L1TP_214004_20000817_20200917_02_T1,2000-08-17,https://doi.org/10.1017/jog.2023.34,Osika,
RGI2000-v7.0-G-07-01036,9,0,LE07_L1TP_214004_20000817_20200917_02_T1,2000-08-17,https://doi.org/10.1017/jog.2023.34,Osika,
RGI2000-v7.0-G-07-01037,9,0,LE07_L1TP_214004_20000817_20200917_02_T1,2000-08-17,https://doi.org/10.1017/jog.2023.34,Osika,
RGI2000-v7.0-G-07-01038,9,0,LE07_L1TP_214004_20000817_20200917_02_T1,2000-08-17,https://doi.org/10.1017/jog.2023.34,Osika,
RGI2000-v7.0-G-07-01039,9,0,LE07_L1TP_214004_20000817_20200917_02_T1,2000-08-17,https://doi.org/10.1017/jog.2023.34,Osika,
RGI2000-v7.0-G-07-01040,9,0,LE07_L1TP_214004_20000817_20200917_02_T1,2000-08-17,https://doi.org/10.1017/jog.2023.34,Osika,
RGI2000-v7.0-G-07-01041,9,0,LE07_L1TP_214004_20000817_20200917_02_T1,2000-08-17,https://doi.org/10.1017/jog.2023.34,Osika,
RGI2000-v7.0-G-07-01042,9,0,LE07_L1TP_214004_20000817_20200917_02_T1,2000-08-17,https://doi.org/10.1017/jog.2023.34,Osika,
RGI2000-v7.0-G-07-01043,9,0,LE07_L1TP_214004_20000817_20200917_02_T1,2000-08-17,https://doi.org/10.1017/jog.2023.34,Osika,
RGI2000-v7.0-G-07-01044,9,0,LE07_L1TP_214004_20000817_20200917_02_T1,2000-08-17,https://doi.org/10.1017/jog.2023.34,Osika,
RGI2000-v7.0-G-07-01045,9,0,LE07_L1TP_214004_20000817_20200917_02_T1,2000-08-17,https://doi.org/10.1017/jog.2023.34,Osika,
RGI2000-v7.0-G-07-01046,9,0,LE07_L1TP_214004_20000817_20200917_02_T1,2000-08-17,https://doi.org/10.1017/jog.2023.34,Osika,
RGI2000-v7.0-G-07-01047,9,0,LE07_L1TP_214004_20000817_20200917_02_T1,2000-08-17,https://doi.org/10.1017/jog.2023.34,Osika,
RGI2000-v7.0-G-07-01048,9,0,LE07_L1TP_214004_20000817_20200917_02_T1,2000-08-17,https://doi.org/10.1017/jog.2023.34,Osika,
RGI2000-v7.0-G-07-01049,9,0,LE07_L1TP_214004_20000817_20200917_02_T1,2000-08-17,https://doi.org/10.1017/jog.2023.34,Osika,
RGI2000-v7.0-G-07-01050,9,0,LE07_L1TP_214004_20000817_20200917_02_T1,2000-08-17,https://doi.org/10.1017/jog.2023.34,Osika,
RGI2000-v7.0-G-07-01051,9,0,LE07_L1TP_214004_20000817_20200917_02_T1,2000-08-17,https://doi.org/10.1017/jog.2023.34,Osika,
RGI2000-v7.0-G-07-01052,9,0,LE07_L1TP_218003_19990710_20200918_02_T1,1999-07-10,https://doi.org/10.1017/jog.2023.34,Osika,
RGI2000-v7.0-G-07-01053,9,0,LE07_L1TP_214004_20000817_20200917_02_T1,2000-08-17,https://doi.org/10.1017/jog.2023.34,Osika,
RGI2000-v7.0-G-07-01054,9,0,LE07_L1TP_214004_20000817_20200917_02_T1,2000-08-17,https://doi.org/10.1017/jog.2023.34,Osika,
RGI2000-v7.0-G-07-01055,9,0,LE07_L1TP_218003_19990710_20200918_02_T1,1999-07-10,https://doi.org/10.1017/jog.2023.34,Osika,
RGI2000-v7.0-G-07-01056,9,0,LE07_L1TP_218003_19990710_20200918_02_T1,1999-07-10,https://doi.org/10.1017/jog.2023.34,Osika,
RGI2000-v7.0-G-07-01057,9,0,LE07_L1TP_218003_19990710_20200918_02_T1,1999-07-10,https://doi.org/10.1017/jog.2023.34,Osika,
RGI2000-v7.0-G-07-01058,9,0,LE07_L1TP_214003_20000817_20200918_02_T1,2000-08-17,https://doi.org/10.1017/jog.2023.34,Osika,
RGI2000-v7.0-G-07-01059,9,0,LE07_L1TP_214003_20000817_20200918_02_T1,2000-08-17,https://doi.org/10.1017/jog.2023.34,Osika,
RGI2000-v7.0-G-07-01060,9,0,LE07_L1TP_214003_20000817_20200918_02_T1,2000-08-17,https://doi.org/10.1017/jog.2023.34,Osika,
RGI2000-v7.0-G-07-01061,9,0,LE07_L1TP_214003_20000817_20200918_02_T1,2000-08-17,https://doi.org/10.1017/jog.2023.34,Osika,
RGI2000-v7.0-G-07-01062,9,0,LE07_L1TP_218003_19990710_20200918_02_T1,1999-07-10,https://doi.org/10.1017/jog.2023.34,Osika,
RGI2000-v7.0-G-07-01063,9,0,LE07_L1TP_214003_20000817_20200918_02_T1,2000-08-17,https://doi.org/10.1017/jog.2023.34,Osika,
RGI2000-v7.0-G-07-01064,9,0,LE07_L1TP_218003_19990710_20200918_02_T1,1999-07-10,https://doi.org/10.1017/jog.2023.34,Osika,
RGI2000-v7.0-G-07-01065,9,0,LE07_L1TP_218003_19990710_20200918_02_T1,1999-07-10,https://doi.org/10.1017/jog.2023.34,Osika,
RGI2000-v7.0-G-07-01066,2,2,LE07_L1TP_214003_20000817_20200918_02_T1,2000-08-17,https://doi.org/10.1017/jog.2023.34,Osika,
RGI2000-v7.0-G-07-01067,9,0,LE07_L1TP_214003_20000817_20200918_02_T1,2000-08-17,https://doi.org/10.1017/jog.2023.34,Osika,
RGI2000-v7.0-G-07-01068,9,0,LE07_L1TP_218003_19990710_20200918_02_T1,1999-07-10,https://doi.org/10.1017/jog.2023.34,Osika,
RGI2000-v7.0-G-07-01069,9,0,LE07_L1TP_214003_20000817_20200918_02_T1,2000-08-17,https://doi.org/10.1017/jog.2023.34,Osika,
RGI2000-v7.0-G-07-01070,1,2,LE07_L1TP_214003_20000817_20200918_02_T1,2000-08-17,https://doi.org/10.1017/jog.2023.34,Osika,Tidewater glacier with lakes at W margin
RGI2000-v7.0-G-07-01071,1,0,LE07_L1TP_218003_19990710_20200918_02_T1,1999-07-10,https://doi.org/10.1017/jog.2023.34,Osika,
RGI2000-v7.0-G-07-01072,1,0,LE07_L1TP_218003_19990710_20200918_02_T1,1999-07-10,https://doi.org/10.1017/jog.2023.34,Osika,
RGI2000-v7.0-G-07-01073,1,0,LE07_L1TP_218003_19990710_20200918_02_T1,1999-07-10,https://doi.org/10.1017/jog.2023.34,Osika,
RGI2000-v7.0-G-07-01074,1,0,LE07_L1TP_218003_19990710_20200918_02_T1,1999-07-10,https://doi.org/10.1017/jog.2023.34,Osika,
RGI2000-v7.0-G-07-01075,1,0,LE07_L1TP_218003_19990710_20200918_02_T1,1999-07-10,https://doi.org/10.1017/jog.2023.34,Osika,
RGI2000-v7.0-G-07-01076,9,0,LE07_L1TP_214003_20000817_20200918_02_T1,2000-08-17,https://doi.org/10.1017/jog.2023.34,Osika,
RGI2000-v7.0-G-07-01077,1,3,LE07_L1TP_218003_19990710_20200918_02_T1,1999-07-10,https://doi.org/10.1017/jog.2023.34,Osika,Tidewater glacier with several small lakes along W margins
RGI2000-v7.0-G-07-01078,9,0,LE07_L1TP_214003_20000817_20200918_02_T1,2000-08-17,https://doi.org/10.1017/jog.2023.34,Osika,
RGI2000-v7.0-G-07-01079,9,0,LE07_L1TP_214003_20000817_20200918_02_T1,2000-08-17,https://doi.org/10.1017/jog.2023.34,Osika,
RGI2000-v7.0-G-07-01080,2,2,LE07_L1TP_214003_20000817_20200918_02_T1,2000-08-17,https://doi.org/10.1017/jog.2023.34,Osika,
RGI2000-v7.0-G-07-01081,2,1,LE07_L1TP_214003_20000817_20200918_02_T1,2000-08-17,https://doi.org/10.1017/jog.2023.34,Osika,
RGI2000-v7.0-G-07-01082,9,0,LE07_L1TP_218003_19990710_20200918_02_T1,1999-07-10,https://doi.org/10.1017/jog.2023.34,Osika,
RGI2000-v7.0-G-07-01083,9,0,LE07_L1TP_218003_19990710_20200918_02_T1,1999-07-10,https://doi.org/10.1017/jog.2023.34,Osika,
RGI2000-v7.0-G-07-01084,9,0,LE07_L1TP_218003_19990710_20200918_02_T1,1999-07-10,https://doi.org/10.1017/jog.2023.34,Osika,
RGI2000-v7.0-G-07-01085,9,0,LE07_L1TP_218003_19990710_20200918_02_T1,1999-07-10,https://doi.org/10.1017/jog.2023.34,Osika,
RGI2000-v7.0-G-07-01086,9,0,LE07_L1TP_218003_19990710_20200918_02_T1,1999-07-10,https://doi.org/10.1017/jog.2023.34,Osika,
RGI2000-v7.0-G-07-01087,9,0,LE07_L1TP_218003_19990710_20200918_02_T1,1999-07-10,https://doi.org/10.1017/jog.2023.34,Osika,
RGI2000-v7.0-G-07-01088,9,0,LE07_L1TP_218003_19990710_20200918_02_T1,1999-07-10,https://doi.org/10.1017/jog.2023.34,Osika,
RGI2000-v7.0-G-07-01089,9,0,LE07_L1TP_218003_19990710_20200918_02_T1,1999-07-10,https://doi.org/10.1017/jog.2023.34,Osika,
RGI2000-v7.0-G-07-01090,9,0,LE07_L1TP_218003_19990710_20200918_02_T1,1999-07-10,https://doi.org/10.1017/jog.2023.34,Osika,
RGI2000-v7.0-G-07-01091,9,0,LE07_L1TP_220002_19990809_20200918_02_T1,1999-08-09,https://doi.org/10.1017/jog.2023.34,Osika,
RGI2000-v7.0-G-07-01092,9,0,LE07_L1TP_220002_19990809_20200918_02_T1,1999-08-09,https://doi.org/10.1017/jog.2023.34,Osika,
RGI2000-v7.0-G-07-01093,9,0,LE07_L1TP_220002_19990809_20200918_02_T1,1999-08-09,https://doi.org/10.1017/jog.2023.34,Osika,
RGI2000-v7.0-G-07-01094,9,0,LE07_L1TP_220002_19990809_20200918_02_T1,1999-08-09,https://doi.org/10.1017/jog.2023.34,Osika,
RGI2000-v7.0-G-07-01095,9,0,LE07_L1TP_220002_19990809_20200918_02_T1,1999-08-09,https://doi.org/10.1017/jog.2023.34,Osika,
RGI2000-v7.0-G-07-01096,9,0,LE07_L1TP_220002_19990809_20200918_02_T1,1999-08-09,https://doi.org/10.1017/jog.2023.34,Osika,
RGI2000-v7.0-G-07-01097,9,0,LE07_L1TP_220002_19990809_20200918_02_T1,1999-08-09,https://doi.org/10.1017/jog.2023.34,Osika,I changed the term type from 2 to 9 (lake smaller than 0.01 km2)
RGI2000-v7.0-G-07-01098,9,0,LE07_L1TP_220002_19990809_20200918_02_T1,1999-08-09,https://doi.org/10.1017/jog.2023.34,Osika,
RGI2000-v7.0-G-07-01099,9,0,LE07_L1TP_218003_19990710_20200918_02_T1,1999-07-10,https://doi.org/10.1017/jog.2023.34,Osika,
RGI2000-v7.0-G-07-01100,9,0,LE07_L1TP_220002_19990809_20200918_02_T1,1999-08-09,https://doi.org/10.1017/jog.2023.34,Osika,
RGI2000-v7.0-G-07-01101,9,0,LE07_L1TP_220002_19990809_20200918_02_T1,1999-08-09,https://doi.org/10.1017/jog.2023.34,Osika,
RGI2000-v7.0-G-07-01102,1,0,LE07_L1TP_220002_19990809_20200918_02_T1,1999-08-09,https://doi.org/10.1017/jog.2023.34,Osika,
RGI2000-v7.0-G-07-01103,9,0,LE07_L1TP_220002_19990809_20200918_02_T1,1999-08-09,https://doi.org/10.1017/jog.2023.34,Osika,
RGI2000-v7.0-G-07-01104,1,0,LE07_L1TP_220002_19990809_20200918_02_T1,1999-08-09,https://doi.org/10.1017/jog.2023.34,Osika,
RGI2000-v7.0-G-07-01105,2,3,LE07_L1TP_220002_19990809_20200918_02_T1,1999-08-09,https://doi.org/10.1017/jog.2023.34,Osika,Possible small lakes at the terminus
RGI2000-v7.0-G-07-01106,9,0,LE07_L1TP_220002_19990809_20200918_02_T1,1999-08-09,https://doi.org/10.1017/jog.2023.34,Osika,
RGI2000-v7.0-G-07-01107,2,2,LE07_L1TP_220002_19990809_20200918_02_T1,1999-08-09,https://doi.org/10.1017/jog.2023.34,Osika,
RGI2000-v7.0-G-07-01108,9,0,LE07_L1TP_220002_19990809_20200918_02_T1,1999-08-09,https://doi.org/10.1017/jog.2023.34,Osika,
RGI2000-v7.0-G-07-01109,2,3,LE07_L1TP_220002_19990809_20200918_02_T1,1999-08-09,https://doi.org/10.1017/jog.2023.34,Osika,Two small lakes at the E margin
RGI2000-v7.0-G-07-01110,9,0,LE07_L1TP_220002_19990809_20200918_02_T1,1999-08-09,https://doi.org/10.1017/jog.2023.34,Osika,
RGI2000-v7.0-G-07-01111,9,0,LE07_L1TP_220002_19990809_20200918_02_T1,1999-08-09,https://doi.org/10.1017/jog.2023.34,Osika,
RGI2000-v7.0-G-07-01112,2,1,LE07_L1TP_218002_19990710_20200918_02_T1,1999-07-10,https://doi.org/10.1017/jog.2023.34,Osika,
RGI2000-v7.0-G-07-01113,9,0,LE07_L1TP_218002_19990710_20200918_02_T1,1999-07-10,https://doi.org/10.1017/jog.2023.34,Osika,
RGI2000-v7.0-G-07-01114,9,0,LE07_L1TP_218002_19990710_20200918_02_T1,1999-07-10,https://doi.org/10.1017/jog.2023.34,Osika,
RGI2000-v7.0-G-07-01115,9,0,LE07_L1TP_218002_19990710_20200918_02_T1,1999-07-10,https://doi.org/10.1017/jog.2023.34,Osika,
RGI2000-v7.0-G-07-01116,9,0,LE07_L1TP_218002_19990710_20200918_02_T1,1999-07-10,https://doi.org/10.1017/jog.2023.34,Osika,
RGI2000-v7.0-G-07-01117,1,3,LE07_L1TP_218002_19990710_20200918_02_T1,1999-07-10,https://doi.org/10.1017/jog.2023.34,Osika,Tidewater glacier with a lake at the N margin (Gravatnet)
RGI2000-v7.0-G-07-01118,9,0,LE07_L1TP_218002_19990710_20200918_02_T1,1999-07-10,https://doi.org/10.1017/jog.2023.34,Osika,
RGI2000-v7.0-G-07-01119,9,0,LE07_L1TP_218002_19990710_20200918_02_T1,1999-07-10,https://doi.org/10.1017/jog.2023.34,Osika,
RGI2000-v7.0-G-07-01120,9,0,LE07_L1TP_218002_19990710_20200918_02_T1,1999-07-10,https://doi.org/10.1017/jog.2023.34,Osika,
RGI2000-v7.0-G-07-01121,9,0,LE07_L1TP_214003_20000817_20200918_02_T1,2000-08-17,https://doi.org/10.1017/jog.2023.34,Osika,
RGI2000-v7.0-G-07-01122,9,0,LE07_L1TP_214003_20000817_20200918_02_T1,2000-08-17,https://doi.org/10.1017/jog.2023.34,Osika,
RGI2000-v7.0-G-07-01123,9,0,LE07_L1TP_214003_20000817_20200918_02_T1,2000-08-17,https://doi.org/10.1017/jog.2023.34,Osika,
RGI2000-v7.0-G-07-01124,9,0,LE07_L1TP_214003_20000817_20200918_02_T1,2000-08-17,https://doi.org/10.1017/jog.2023.34,Osika,
RGI2000-v7.0-G-07-01125,9,0,LE07_L1TP_214003_20000817_20200918_02_T1,2000-08-17,https://doi.org/10.1017/jog.2023.34,Osika,
RGI2000-v7.0-G-07-01126,9,0,LE07_L1TP_218003_19990710_20200918_02_T1,1999-07-10,https://doi.org/10.1017/jog.2023.34,Osika,
RGI2000-v7.0-G-07-01127,9,0,LE07_L1TP_218003_19990710_20200918_02_T1,1999-07-10,https://doi.org/10.1017/jog.2023.34,Osika,
RGI2000-v7.0-G-07-01128,2,2,LE07_L1TP_218003_19990710_20200918_02_T1,1999-07-10,https://doi.org/10.1017/jog.2023.34,Osika,
RGI2000-v7.0-G-07-01129,2,1,LE07_L1TP_218003_19990710_20200918_02_T1,1999-07-10,https://doi.org/10.1017/jog.2023.34,Osika,
RGI2000-v7.0-G-07-01130,9,0,LE07_L1TP_218003_19990710_20200918_02_T1,1999-07-10,https://doi.org/10.1017/jog.2023.34,Osika,
RGI2000-v7.0-G-07-01131,1,0,LE07_L1TP_218003_19990710_20200918_02_T1,1999-07-10,https://doi.org/10.1017/jog.2023.34,Osika,
RGI2000-v7.0-G-07-01132,1,0,LE07_L1TP_218003_19990710_20200918_02_T1,1999-07-10,https://doi.org/10.1017/jog.2023.34,Osika,
RGI2000-v7.0-G-07-01133,1,0,LE07_L1TP_218002_19990710_20200918_02_T1,1999-07-10,https://doi.org/10.1017/jog.2023.34,Osika,
RGI2000-v7.0-G-07-01134,9,0,LE07_L1TP_218002_19990710_20200918_02_T1,1999-07-10,https://doi.org/10.1017/jog.2023.34,Osika,
RGI2000-v7.0-G-07-01135,9,0,LE07_L1TP_218002_19990710_20200918_02_T1,1999-07-10,https://doi.org/10.1017/jog.2023.34,Osika,
RGI2000-v7.0-G-07-01136,9,0,LE07_L1TP_218002_19990710_20200918_02_T1,1999-07-10,https://doi.org/10.1017/jog.2023.34,Osika,
RGI2000-v7.0-G-07-01137,9,0,LE07_L1TP_218002_19990710_20200918_02_T1,1999-07-10,https://doi.org/10.1017/jog.2023.34,Osika,
RGI2000-v7.0-G-07-01138,9,0,LE07_L1TP_218002_19990710_20200918_02_T1,1999-07-10,https://doi.org/10.1017/jog.2023.34,Osika,
RGI2000-v7.0-G-07-01139,9,0,LE07_L1TP_218002_19990710_20200918_02_T1,1999-07-10,https://doi.org/10.1017/jog.2023.34,Osika,
RGI2000-v7.0-G-07-01140,9,0,LE07_L1TP_218002_19990710_20200918_02_T1,1999-07-10,https://doi.org/10.1017/jog.2023.34,Osika,
RGI2000-v7.0-G-07-01141,1,0,LE07_L1TP_218002_19990710_20200918_02_T1,1999-07-10,https://doi.org/10.1017/jog.2023.34,Osika,
RGI2000-v7.0-G-07-01142,1,0,LE07_L1TP_218002_19990710_20200918_02_T1,1999-07-10,https://doi.org/10.1017/jog.2023.34,Osika,
RGI2000-v7.0-G-07-01143,9,0,LE07_L1TP_218002_19990710_20200918_02_T1,1999-07-10,https://doi.org/10.1017/jog.2023.34,Osika,
RGI2000-v7.0-G-07-01144,9,0,LE07_L1TP_218003_19990710_20200918_02_T1,1999-07-10,https://doi.org/10.1017/jog.2023.34,Osika,
RGI2000-v7.0-G-07-01145,9,0,LE07_L1TP_214003_20000817_20200918_02_T1,2000-08-17,https://doi.org/10.1017/jog.2023.34,Osika,
RGI2000-v7.0-G-07-01146,9,0,LE07_L1TP_214003_20000817_20200918_02_T1,2000-08-17,https://doi.org/10.1017/jog.2023.34,Osika,
RGI2000-v7.0-G-07-01147,1,0,LE07_L1TP_218003_19990710_20200918_02_T1,1999-07-10,https://doi.org/10.1017/jog.2023.34,Osika,
RGI2000-v7.0-G-07-01148,9,0,LE07_L1TP_218003_19990710_20200918_02_T1,1999-07-10,https://doi.org/10.1017/jog.2023.34,Osika,
RGI2000-v7.0-G-07-01149,1,0,LE07_L1TP_218003_19990710_20200918_02_T1,1999-07-10,https://doi.org/10.1017/jog.2023.34,Osika,
RGI2000-v7.0-G-07-01150,1,0,LE07_L1TP_218003_19990710_20200918_02_T1,1999-07-10,https://doi.org/10.1017/jog.2023.34,Osika,
RGI2000-v7.0-G-07-01151,9,0,LE07_L1TP_218003_19990710_20200918_02_T1,1999-07-10,https://doi.org/10.1017/jog.2023.34,Osika,
RGI2000-v7.0-G-07-01152,1,0,LE07_L1TP_218003_19990710_20200918_02_T1,1999-07-10,https://doi.org/10.1017/jog.2023.34,Osika,
RGI2000-v7.0-G-07-01153,1,2,LE07_L1TP_210004_19990920_20200918_02_T1,1999-09-20,https://doi.org/10.1017/jog.2023.34,Osika,A medium lake at the E margin
RGI2000-v7.0-G-07-01154,9,0,LE07_L1TP_210004_19990920_20200918_02_T1,1999-09-20,https://doi.org/10.1017/jog.2023.34,Osika,
RGI2000-v7.0-G-07-01155,9,0,LE07_L1TP_210004_19990920_20200918_02_T1,1999-09-20,https://doi.org/10.1017/jog.2023.34,Osika,
RGI2000-v7.0-G-07-01156,9,0,LE07_L1TP_218002_19990710_20200918_02_T1,1999-07-10,https://doi.org/10.1017/jog.2023.34,Osika,
RGI2000-v7.0-G-07-01157,9,0,LE07_L1TP_218002_19990710_20200918_02_T1,1999-07-10,https://doi.org/10.1017/jog.2023.34,Osika,
RGI2000-v7.0-G-07-01158,2,3,LE07_L1TP_218002_19990710_20200918_02_T1,1999-07-10,https://doi.org/10.1017/jog.2023.34,Osika,Small lake (0.016 km2) at the S tongue
RGI2000-v7.0-G-07-01159,9,0,LE07_L1TP_218002_19990710_20200918_02_T1,1999-07-10,https://doi.org/10.1017/jog.2023.34,Osika,
RGI2000-v7.0-G-07-01160,1,0,LE07_L1TP_210004_19990920_20200918_02_T1,1999-09-20,https://doi.org/10.1017/jog.2023.34,Osika,
RGI2000-v7.0-G-07-01161,1,0,LE07_L1TP_210004_19990920_20200918_02_T1,1999-09-20,https://doi.org/10.1017/jog.2023.34,Osika,
RGI2000-v7.0-G-07-01162,9,0,LE07_L1TP_210004_19990920_20200918_02_T1,1999-09-20,https://doi.org/10.1017/jog.2023.34,Osika,
RGI2000-v7.0-G-07-01163,1,0,LE07_L1TP_210004_19990920_20200918_02_T1,1999-09-20,https://doi.org/10.1017/jog.2023.34,Osika,
RGI2000-v7.0-G-07-01164,9,0,LE07_L1TP_210004_19990920_20200918_02_T1,1999-09-20,https://doi.org/10.1017/jog.2023.34,Osika,
RGI2000-v7.0-G-07-01165,1,0,LE07_L1TP_210004_19990920_20200918_02_T1,1999-09-20,https://doi.org/10.1017/jog.2023.34,Osika,
RGI2000-v7.0-G-07-01166,1,0,LE07_L1TP_210004_19990920_20200918_02_T1,1999-09-20,https://doi.org/10.1017/jog.2023.34,Osika,
RGI2000-v7.0-G-07-01167,1,3,LE07_L1TP_214003_20000817_20200918_02_T1,2000-08-17,https://doi.org/10.1017/jog.2023.34,Osika,Small lake at the N margin
RGI2000-v7.0-G-07-01168,9,0,LE07_L1TP_210004_19990920_20200918_02_T1,1999-09-20,https://doi.org/10.1017/jog.2023.34,Osika,I changed  the term type from 2 to 9 (no lakes)
RGI2000-v7.0-G-07-01169,9,0,LE07_L1TP_210004_19990920_20200918_02_T1,1999-09-20,https://doi.org/10.1017/jog.2023.34,Osika,
RGI2000-v7.0-G-07-01170,1,0,LE07_L1TP_210004_19990920_20200918_02_T1,1999-09-20,https://doi.org/10.1017/jog.2023.34,Osika,
RGI2000-v7.0-G-07-01171,1,0,LE07_L1TP_210004_19990920_20200918_02_T1,1999-09-20,https://doi.org/10.1017/jog.2023.34,Osika,
RGI2000-v7.0-G-07-01172,9,0,LE07_L1TP_210004_19990920_20200918_02_T1,1999-09-20,https://doi.org/10.1017/jog.2023.34,Osika,
RGI2000-v7.0-G-07-01173,9,0,LE07_L1TP_210004_19990920_20200918_02_T1,1999-09-20,https://doi.org/10.1017/jog.2023.34,Osika,
RGI2000-v7.0-G-07-01174,9,0,LE07_L1TP_210004_19990920_20200918_02_T1,1999-09-20,https://doi.org/10.1017/jog.2023.34,Osika,
RGI2000-v7.0-G-07-01175,9,0,LE07_L1TP_210004_19990920_20200918_02_T1,1999-09-20,https://doi.org/10.1017/jog.2023.34,Osika,
RGI2000-v7.0-G-07-01176,9,0,LE07_L1TP_210004_19990920_20200918_02_T1,1999-09-20,https://doi.org/10.1017/jog.2023.34,Osika,
RGI2000-v7.0-G-07-01177,1,0,LE07_L1TP_210004_19990920_20200918_02_T1,1999-09-20,https://doi.org/10.1017/jog.2023.34,Osika,
RGI2000-v7.0-G-07-01178,9,0,LE07_L1TP_209004_19990727_20200918_02_T1,1999-07-27,https://doi.org/10.1017/jog.2023.34,Osika,
RGI2000-v7.0-G-07-01179,9,0,LE07_L1TP_209004_19990727_20200918_02_T1,1999-07-27,https://doi.org/10.1017/jog.2023.34,Osika,
RGI2000-v7.0-G-07-01180,9,0,LE07_L1TP_210004_19990920_20200918_02_T1,1999-09-20,https://doi.org/10.1017/jog.2023.34,Osika,
RGI2000-v7.0-G-07-01181,9,0,LE07_L1TP_209004_19990727_20200918_02_T1,1999-07-27,https://doi.org/10.1017/jog.2023.34,Osika,
RGI2000-v7.0-G-07-01182,1,0,LE07_L1TP_210004_19990920_20200918_02_T1,1999-09-20,https://doi.org/10.1017/jog.2023.34,Osika,
RGI2000-v7.0-G-07-01183,9,0,LE07_L1TP_210004_19990920_20200918_02_T1,1999-09-20,https://doi.org/10.1017/jog.2023.34,Osika,
RGI2000-v7.0-G-07-01184,9,0,LE07_L1TP_209004_19990727_20200918_02_T1,1999-07-27,https://doi.org/10.1017/jog.2023.34,Osika,
RGI2000-v7.0-G-07-01185,9,0,LE07_L1TP_209004_19990727_20200918_02_T1,1999-07-27,https://doi.org/10.1017/jog.2023.34,Osika,
RGI2000-v7.0-G-07-01186,9,0,LE07_L1TP_209004_19990727_20200918_02_T1,1999-07-27,https://doi.org/10.1017/jog.2023.34,Osika,
RGI2000-v7.0-G-07-01187,9,0,LE07_L1TP_209004_19990727_20200918_02_T1,1999-07-27,https://doi.org/10.1017/jog.2023.34,Osika,
RGI2000-v7.0-G-07-01188,9,0,LE07_L1TP_210004_19990920_20200918_02_T1,1999-09-20,https://doi.org/10.1017/jog.2023.34,Osika,
RGI2000-v7.0-G-07-01189,9,0,LE07_L1TP_209004_19990727_20200918_02_T1,1999-07-27,https://doi.org/10.1017/jog.2023.34,Osika,
RGI2000-v7.0-G-07-01190,9,0,LE07_L1TP_209004_19990727_20200918_02_T1,1999-07-27,https://doi.org/10.1017/jog.2023.34,Osika,
RGI2000-v7.0-G-07-01191,9,0,LE07_L1TP_214004_20000817_20200917_02_T1,2000-08-17,https://doi.org/10.1017/jog.2023.34,Osika,
RGI2000-v7.0-G-07-01192,9,0,LE07_L1TP_214004_20000817_20200917_02_T1,2000-08-17,https://doi.org/10.1017/jog.2023.34,Osika,
RGI2000-v7.0-G-07-01193,9,0,LE07_L1TP_209004_19990727_20200918_02_T1,1999-07-27,https://doi.org/10.1017/jog.2023.34,Osika,
RGI2000-v7.0-G-07-01194,9,0,LE07_L1TP_209004_19990727_20200918_02_T1,1999-07-27,https://doi.org/10.1017/jog.2023.34,Osika,
RGI2000-v7.0-G-07-01195,1,0,LE07_L1TP_209004_19990727_20200918_02_T1,1999-07-27,https://doi.org/10.1017/jog.2023.34,Osika,
RGI2000-v7.0-G-07-01196,9,0,LE07_L1TP_210004_19990920_20200918_02_T1,1999-09-20,https://doi.org/10.1017/jog.2023.34,Osika,
RGI2000-v7.0-G-07-01197,9,0,LE07_L1TP_214004_20000817_20200917_02_T1,2000-08-17,https://doi.org/10.1017/jog.2023.34,Osika,
RGI2000-v7.0-G-07-01198,9,0,LE07_L1TP_214004_20000817_20200917_02_T1,2000-08-17,https://doi.org/10.1017/jog.2023.34,Osika,
RGI2000-v7.0-G-07-01199,2,3,LE07_L1TP_214004_20000817_20200917_02_T1,2000-08-17,https://doi.org/10.1017/jog.2023.34,Osika,
RGI2000-v7.0-G-07-01200,9,0,LE07_L1TP_210004_19990920_20200918_02_T1,1999-09-20,https://doi.org/10.1017/jog.2023.34,Osika,
RGI2000-v7.0-G-07-01201,1,0,LE07_L1TP_210004_19990920_20200918_02_T1,1999-09-20,https://doi.org/10.1017/jog.2023.34,Osika,
RGI2000-v7.0-G-07-01202,1,3,LE07_L1TP_210004_19990920_20200918_02_T1,1999-09-20,https://doi.org/10.1017/jog.2023.34,Osika,Tidewater gl. with two lakes at the foot of the mountain ridges
RGI2000-v7.0-G-07-01203,1,0,LE07_L1TP_210004_19990920_20200918_02_T1,1999-09-20,https://doi.org/10.1017/jog.2023.34,Osika,
RGI2000-v7.0-G-07-01204,9,0,LE07_L1TP_214004_20000817_20200917_02_T1,2000-08-17,https://doi.org/10.1017/jog.2023.34,Osika,
RGI2000-v7.0-G-07-01205,9,0,LE07_L1TP_214004_20000817_20200917_02_T1,2000-08-17,https://doi.org/10.1017/jog.2023.34,Osika,
RGI2000-v7.0-G-07-01206,9,0,LE07_L1TP_214004_20000817_20200917_02_T1,2000-08-17,https://doi.org/10.1017/jog.2023.34,Osika,
RGI2000-v7.0-G-07-01207,9,0,LE07_L1TP_214004_20000817_20200917_02_T1,2000-08-17,https://doi.org/10.1017/jog.2023.34,Osika,
RGI2000-v7.0-G-07-01208,9,0,LE07_L1TP_214004_20000817_20200917_02_T1,2000-08-17,https://doi.org/10.1017/jog.2023.34,Osika,
RGI2000-v7.0-G-07-01209,9,0,LE07_L1TP_214004_20000817_20200917_02_T1,2000-08-17,https://doi.org/10.1017/jog.2023.34,Osika,
RGI2000-v7.0-G-07-01210,9,0,LE07_L1TP_214004_20000817_20200917_02_T1,2000-08-17,https://doi.org/10.1017/jog.2023.34,Osika,
RGI2000-v7.0-G-07-01211,2,3,LE07_L1TP_214004_20000817_20200917_02_T1,2000-08-17,https://doi.org/10.1017/jog.2023.34,Osika,
RGI2000-v7.0-G-07-01212,2,1,LE07_L1TP_214004_20000817_20200917_02_T1,2000-08-17,https://doi.org/10.1017/jog.2023.34,Osika,
RGI2000-v7.0-G-07-01213,9,0,LE07_L1TP_214004_20000817_20200917_02_T1,2000-08-17,https://doi.org/10.1017/jog.2023.34,Osika,
RGI2000-v7.0-G-07-01214,9,0,LE07_L1TP_214004_20000817_20200917_02_T1,2000-08-17,https://doi.org/10.1017/jog.2023.34,Osika,
RGI2000-v7.0-G-07-01215,9,0,LE07_L1TP_214004_20000817_20200917_02_T1,2000-08-17,https://doi.org/10.1017/jog.2023.34,Osika,
RGI2000-v7.0-G-07-01216,9,0,LE07_L1TP_214004_20000817_20200917_02_T1,2000-08-17,https://doi.org/10.1017/jog.2023.34,Osika,
RGI2000-v7.0-G-07-01217,9,0,LE07_L1TP_214004_20000817_20200917_02_T1,2000-08-17,https://doi.org/10.1017/jog.2023.34,Osika,
RGI2000-v7.0-G-07-01218,9,0,LE07_L1TP_214004_20000817_20200917_02_T1,2000-08-17,https://doi.org/10.1017/jog.2023.34,Osika,
RGI2000-v7.0-G-07-01219,1,0,LE07_L1TP_214004_20000817_20200917_02_T1,2000-08-17,https://doi.org/10.1017/jog.2023.34,Osika,
RGI2000-v7.0-G-07-01220,9,0,LE07_L1TP_214004_20000817_20200917_02_T1,2000-08-17,https://doi.org/10.1017/jog.2023.34,Osika,
RGI2000-v7.0-G-07-01221,9,0,LE07_L1TP_214004_20000817_20200917_02_T1,2000-08-17,https://doi.org/10.1017/jog.2023.34,Osika,
RGI2000-v7.0-G-07-01222,9,0,LE07_L1TP_218003_19990710_20200918_02_T1,1999-07-10,https://doi.org/10.1017/jog.2023.34,Osika,
RGI2000-v7.0-G-07-01313,9,0,LE07_L1TP_220002_19990809_20200918_02_T1,1999-08-09,https://doi.org/10.1017/jog.2023.34,Osika,
RGI2000-v7.0-G-07-01314,9,0,LE07_L1TP_218002_19990710_20200918_02_T1,1999-07-10,https://doi.org/10.1017/jog.2023.34,Osika,
RGI2000-v7.0-G-07-01315,9,0,LE07_L1TP_218002_19990710_20200918_02_T1,1999-07-10,https://doi.org/10.1017/jog.2023.34,Osika,
RGI2000-v7.0-G-07-01316,1,0,LE07_L1TP_218002_19990710_20200918_02_T1,1999-07-10,https://doi.org/10.1017/jog.2023.34,Osika,
RGI2000-v7.0-G-07-01317,9,0,LE07_L1TP_220002_19990809_20200918_02_T1,1999-08-09,https://doi.org/10.1017/jog.2023.34,Osika,
RGI2000-v7.0-G-07-01318,9,0,LE07_L1TP_218002_19990710_20200918_02_T1,1999-07-10,https://doi.org/10.1017/jog.2023.34,Osika,
RGI2000-v7.0-G-07-01319,1,2,LE07_L1TP_218002_19990710_20200918_02_T1,1999-07-10,https://doi.org/10.1017/jog.2023.34,Osika,Tidewater glacier with a lake at SW margin
RGI2000-v7.0-G-07-01320,9,0,LE07_L1TP_218002_19990710_20200918_02_T1,1999-07-10,https://doi.org/10.1017/jog.2023.34,Osika,
RGI2000-v7.0-G-07-01321,2,1,LE07_L1TP_218002_19990710_20200918_02_T1,1999-07-10,https://doi.org/10.1017/jog.2023.34,Osika,
RGI2000-v7.0-G-07-01322,1,0,LE07_L1TP_218002_19990710_20200918_02_T1,1999-07-10,https://doi.org/10.1017/jog.2023.34,Osika,
RGI2000-v7.0-G-07-01323,2,2,LE07_L1TP_214003_20000817_20200918_02_T1,2000-08-17,https://doi.org/10.1017/jog.2023.34,Osika,
RGI2000-v7.0-G-07-01410,1,0,LE07_L1TP_209004_19990727_20200918_02_T1,1999-07-27,https://doi.org/10.1017/jog.2023.34,Osika,
RGI2000-v7.0-G-07-01411,9,0,LE07_L1TP_209004_19990727_20200918_02_T1,1999-07-27,https://doi.org/10.1017/jog.2023.34,Osika,
RGI2000-v7.0-G-07-01412,9,0,LE07_L1TP_209004_19990727_20200918_02_T1,1999-07-27,https://doi.org/10.1017/jog.2023.34,Osika,
RGI2000-v7.0-G-07-01413,9,0,LE07_L1TP_209004_19990727_20200918_02_T1,1999-07-27,https://doi.org/10.1017/jog.2023.34,Osika,
RGI2000-v7.0-G-07-01414,9,0,LE07_L1TP_209004_19990727_20200918_02_T1,1999-07-27,https://doi.org/10.1017/jog.2023.34,Osika,
RGI2000-v7.0-G-07-01415,9,0,LE07_L1TP_210004_19990920_20200918_02_T1,1999-09-20,https://doi.org/10.1017/jog.2023.34,Osika,I changed the term type from 2 to 9 (no lakes)
RGI2000-v7.0-G-07-01416,9,0,LE07_L1TP_210004_19990920_20200918_02_T1,1999-09-20,https://doi.org/10.1017/jog.2023.34,Osika,
RGI2000-v7.0-G-07-01417,1,0,LE07_L1TP_210004_19990920_20200918_02_T1,1999-09-20,https://doi.org/10.1017/jog.2023.34,Osika,
RGI2000-v7.0-G-07-01418,1,0,LE07_L1TP_210004_19990920_20200918_02_T1,1999-09-20,https://doi.org/10.1017/jog.2023.34,Osika,
RGI2000-v7.0-G-07-01419,9,0,LE07_L1TP_210004_19990920_20200918_02_T1,1999-09-20,https://doi.org/10.1017/jog.2023.34,Osika,
RGI2000-v7.0-G-07-01420,9,0,LE07_L1TP_210004_19990920_20200918_02_T1,1999-09-20,https://doi.org/10.1017/jog.2023.34,Osika,
RGI2000-v7.0-G-07-01421,2,2,LE07_L1TP_210004_19990920_20200918_02_T1,1999-09-20,https://doi.org/10.1017/jog.2023.34,Osika,
RGI2000-v7.0-G-07-01422,1,0,LE07_L1TP_209004_19990727_20200918_02_T1,1999-07-27,https://doi.org/10.1017/jog.2023.34,Osika,
RGI2000-v7.0-G-07-01532,9,0,LE07_L1TP_209004_19990727_20200918_02_T1,1999-07-27,https://doi.org/10.1017/jog.2023.34,Osika,
RGI2000-v7.0-G-07-01533,9,0,LE07_L1TP_209004_19990727_20200918_02_T1,1999-07-27,https://doi.org/10.1017/jog.2023.34,Osika,
RGI2000-v7.0-G-07-01534,9,0,LE07_L1TP_209004_19990727_20200918_02_T1,1999-07-27,https://doi.org/10.1017/jog.2023.34,Osika,
RGI2000-v7.0-G-07-01535,9,0,LE07_L1TP_209004_19990727_20200918_02_T1,1999-07-27,https://doi.org/10.1017/jog.2023.34,Osika,
RGI2000-v7.0-G-07-01536,9,0,LE07_L1TP_209004_19990727_20200918_02_T1,1999-07-27,https://doi.org/10.1017/jog.2023.34,Osika,
RGI2000-v7.0-G-07-01537,9,0,LE07_L1TP_210004_19990920_20200918_02_T1,1999-09-20,https://doi.org/10.1017/jog.2023.34,Osika,
